id,gender,age,hypertension,heart_disease,ever_married,work_type,Residence_type,avg_glucose_level,bmi,smoking_status,stroke
1000,Male,57,1,0,No,Private,Urban,149.93,14.0,never smoked,0
1001,Female,59,0,1,No,Private,Urban,94.35,22.4,smokes,0
1002,Female,58,0,0,No,Private,Rural,71.76,40.2,never smoked,0
1003,Female,49,0,1,Yes,Private,Urban,204.8,26.5,never smoked,0
1004,Male,44,0,0,Yes,Private,Rural,79.74,33.5,smokes,0
1005,Male,45,0,0,No,Private,Urban,62.62,14.7,formerly smoked,0
1006,Male,44,0,0,Yes,Private,Urban,209.13,21.9,Unknown,0
1007,Female,68,1,0,Yes,Private,Rural,79.56,19.7,formerly smoked,0
1008,Female,58,1,0,Yes,children,Urban,107.94,27.2,never smoked,0
1009,Female,18,0,0,No,Private,Urban,202.03,44.2,formerly smoked,0
1010,Male,59,0,1,Yes,Private,Urban,196.92,31.5,Unknown,1
1011,Female,51,0,0,Yes,Self-employed,Urban,99.19,39.5,Unknown,0
1012,Female,47,1,0,No,Private,Urban,80.77,26.8,never smoked,0
1013,Male,41,0,0,Yes,Private,Urban,117.87,37.4,formerly smoked,0
1014,Male,68,0,0,Yes,Private,Rural,90.65,42.0,Unknown,0
1015,Male,65,1,0,Yes,Private,Rural,94.53,27.8,never smoked,1
1016,Male,34,0,0,Yes,Private,Rural,80.26,25.0,never smoked,0
1017,Female,55,1,0,Yes,Private,Urban,215.13,19.9,never smoked,0
1018,Female,30,0,0,Yes,Private,Rural,97.16,26.5,smokes,0
1019,Male,23,0,0,No,Self-employed,Urban,221.96,29.0,formerly smoked,1
1020,Female,36,1,1,No,Private,Rural,78.16,41.7,never smoked,0
1021,Male,63,0,0,Yes,Private,Rural,68.42,20.1,smokes,0
1022,Male,65,0,0,Yes,Private,Urban,70.95,28.9,never smoked,0
1023,Male,57,0,0,Yes,Govt_job,Rural,107.94,16.7,smokes,0
1024,Female,61,1,0,Yes,Private,Rural,80.8,25.7,formerly smoked,1
1025,Female,57,0,0,No,Govt_job,Rural,184.78,30.5,formerly smoked,0
1026,Male,36,0,0,No,Govt_job,Urban,111.76,31.8,never smoked,0
1027,Female,55,0,0,Yes,Private,Rural,73.17,32.3,smokes,0
1028,Female,62,1,0,Yes,Private,Rural,79.1,31.1,formerly smoked,0
1029,Male,61,0,0,Yes,Private,Urban,78.47,32.3,formerly smoked,0
1030,Female,69,0,0,Yes,Private,Rural,114.27,28.8,smokes,1
1031,Male,60,0,0,No,Private,Urban,235.6,21.7,smokes,1
1032,Male,54,1,0,Yes,Private,Urban,101.27,16.5,never smoked,0
1033,Female,67,0,1,Yes,Private,Rural,101.75,24.9,never smoked,1
1034,Female,47,0,0,Yes,Private,Rural,159.66,27.6,never smoked,0
1035,Female,32,0,0,Yes,Govt_job,Rural,168.47,36.7,smokes,0
1036,Male,45,0,0,Yes,Private,Rural,94.02,27.8,smokes,0
1037,Male,34,1,1,Yes,children,Urban,102.8,27.2,Unknown,0
1038,Female,35,0,0,No,children,Urban,88.42,31.0,Unknown,0
1039,Female,45,0,0,Yes,children,Rural,177.31,26.7,Unknown,0
1040,Male,33,0,0,Yes,Govt_job,Urban,114.95,33.8,never smoked,0
1041,Female,42,0,0,Yes,Private,Rural,98.1,41.4,never smoked,0
1042,Male,18,0,0,No,Private,Rural,111.77,42.7,Unknown,0
1043,Female,51,0,0,Yes,Private,Urban,93.83,29.1,never smoked,0
1044,Male,48,0,0,No,Private,Urban,77.27,30.7,formerly smoked,0
1045,Female,33,0,0,No,Govt_job,Rural,193.96,38.8,never smoked,0
1046,Male,59,0,0,No,Never_worked,Rural,185.53,27.5,Unknown,0
1047,Female,64,0,0,Yes,Private,Rural,80.6,32.9,formerly smoked,0
1048,Female,19,1,0,No,Private,Rural,73.39,21.1,never smoked,0
1049,Male,34,0,0,Yes,Private,Urban,108.02,26.5,smokes,0
1050,Female,34,0,0,Yes,Private,Urban,81.83,36.0,never smoked,0
1051,Female,31,0,0,Yes,Private,Urban,167.04,23.8,Unknown,0
1052,Female,62,0,1,Yes,Private,Urban,94.44,27.7,never smoked,0
1053,Female,44,0,0,No,Govt_job,Urban,81.18,18.3,smokes,0
1054,Female,43,1,0,Yes,Private,Urban,111.76,41.5,never smoked,0
1055,Female,18,0,0,No,children,Urban,73.24,36.7,Unknown,0
1056,Male,59,1,0,Yes,Self-employed,Urban,93.92,29.7,Unknown,0
1057,Male,25,0,0,No,Govt_job,Urban,93.69,31.8,Unknown,0
1058,Male,49,0,0,Yes,Private,Rural,89.19,31.1,Unknown,0
1059,Male,52,1,0,Yes,Govt_job,Rural,70.55,37.5,never smoked,0
1060,Male,72,0,0,Yes,Self-employed,Urban,103.06,25.1,Unknown,0
1061,Male,24,1,0,No,Private,Rural,101.15,33.3,smokes,0
1062,Female,18,0,0,No,Private,Urban,79.87,35.5,Unknown,0
1063,Male,51,1,0,No,children,Rural,243.96,36.4,smokes,1
1064,Male,80,1,0,No,Private,Urban,95.62,14.0,never smoked,1
1065,Female,70,0,0,Yes,Private,Rural,197.84,24.6,smokes,1
1066,Male,51,0,0,Yes,Private,Urban,77.19,21.9,never smoked,0
1067,Female,39,0,0,Yes,Self-employed,Rural,107.07,29.5,smokes,0
1068,Male,62,0,0,Yes,Govt_job,Urban,94.64,15.4,formerly smoked,0
1069,Female,30,0,0,Yes,Private,Rural,81.54,15.2,never smoked,0
1070,Female,56,0,1,Yes,Private,Urban,153.58,42.6,Unknown,1
1071,Male,57,0,0,Yes,children,Urban,82.27,32.5,Unknown,0
1072,Male,67,1,0,Yes,Govt_job,Rural,83.33,29.3,Unknown,0
1073,Female,90,0,1,No,children,Urban,181.04,30.9,Unknown,1
1074,Female,55,0,0,Yes,Private,Rural,63.87,29.5,smokes,0
1075,Female,38,0,0,Yes,Private,Urban,107.1,35.0,smokes,0
1076,Female,47,0,0,Yes,Private,Urban,104.56,24.4,never smoked,0
1077,Male,18,0,0,No,Self-employed,Rural,70.9,29.7,Unknown,0
1078,Male,35,0,0,Yes,Private,Urban,92.04,30.0,Unknown,0
1079,Male,40,1,0,Yes,Private,Urban,76.47,,Unknown,0
1080,Female,38,1,0,Yes,Private,Rural,221.43,36.8,Unknown,0
1081,Female,50,0,0,No,Private,Rural,227.58,25.6,smokes,1
1082,Male,33,0,0,No,Govt_job,Rural,83.58,35.1,formerly smoked,0
1083,Male,68,0,0,Yes,Private,Urban,120.04,29.2,Unknown,0
1084,Male,48,0,0,Yes,Self-employed,Urban,83.4,39.1,formerly smoked,0
1085,Male,47,0,0,Yes,children,Urban,77.88,21.7,smokes,0
1086,Female,42,0,0,No,Private,Urban,78.56,21.4,never smoked,0
1087,Female,50,0,0,Yes,Self-employed,Rural,216.95,22.6,smokes,1
1088,Female,62,0,0,Yes,children,Urban,205.4,29.4,Unknown,1
1089,Female,32,0,0,Yes,children,Urban,78.56,38.5,smokes,0
1090,Male,36,1,0,Yes,Private,Urban,111.7,38.9,formerly smoked,0
1091,Female,42,0,0,No,Private,Rural,93.66,14.0,never smoked,0
1092,Female,23,0,0,No,Private,Rural,92.88,30.1,smokes,0
1093,Female,33,1,0,Yes,Self-employed,Rural,121.98,14.0,Unknown,0
1094,Female,39,0,0,Yes,Self-employed,Urban,93.7,33.7,never smoked,0
1095,Female,63,0,0,Yes,Self-employed,Rural,79.38,35.8,never smoked,0
1096,Female,52,0,0,No,Private,Rural,85.77,28.2,never smoked,0
1097,Female,51,1,0,No,Private,Urban,72.97,29.0,Unknown,0
1098,Male,63,1,1,Yes,Self-employed,Urban,189.24,29.0,smokes,0
1099,Male,45,0,0,Yes,Private,Urban,98.62,,Unknown,0
1100,Male,55,0,1,Yes,Self-employed,Urban,106.87,31.3,smokes,1
1101,Female,46,1,1,Yes,Private,Rural,108.19,27.0,formerly smoked,1
1102,Male,52,0,0,Yes,Private,Urban,83.79,34.5,Unknown,0
1103,Female,37,0,0,Yes,Private,Urban,204.43,27.8,never smoked,0
1104,Female,18,1,0,No,Private,Rural,89.22,22.9,formerly smoked,0
1105,Male,45,0,1,Yes,Private,Rural,184.67,18.5,formerly smoked,0
1106,Male,73,0,0,Yes,Private,Rural,92.47,16.4,never smoked,0
1107,Female,64,0,1,No,Private,Urban,106.98,37.0,never smoked,1
1108,Male,65,0,0,Yes,Private,Urban,87.48,25.5,never smoked,0
1109,Male,70,0,1,Yes,Private,Urban,92.25,30.7,never smoked,0
1110,Male,49,1,0,Yes,Govt_job,Urban,88.59,40.1,never smoked,1
1111,Male,51,1,0,Yes,Private,Urban,248.33,,Unknown,1
1112,Female,36,1,0,Yes,Self-employed,Rural,79.98,24.4,never smoked,0
1113,Female,42,0,0,Yes,Self-employed,Urban,57.05,27.6,never smoked,0
1114,Female,59,1,1,No,Self-employed,Urban,97.06,28.7,never smoked,0
1115,Female,69,1,0,Yes,children,Urban,104.82,40.8,smokes,1
1116,Female,45,0,0,Yes,Private,Rural,96.7,38.7,smokes,0
1117,Male,39,0,0,Yes,Govt_job,Rural,80.4,32.5,Unknown,0
1118,Female,48,0,0,Yes,children,Rural,72.97,37.9,Unknown,0
1119,Female,58,1,0,Yes,children,Urban,97.42,27.3,never smoked,0
1120,Female,22,0,0,No,Private,Urban,92.12,30.4,never smoked,0
1121,Female,18,0,0,No,Private,Urban,88.11,26.5,never smoked,0
1122,Male,38,0,0,Yes,Private,Urban,117.34,20.1,Unknown,0
1123,Male,26,0,0,No,Self-employed,Rural,171.9,36.3,smokes,0
1124,Male,38,0,0,Yes,Self-employed,Rural,184.53,32.0,never smoked,0
1125,Female,45,0,0,Yes,Private,Rural,90.48,28.6,never smoked,0
1126,Female,39,0,0,Yes,Private,Rural,62.47,28.5,formerly smoked,0
1127,Female,74,0,0,Yes,Self-employed,Rural,87.31,18.7,never smoked,1
1128,Male,53,1,0,No,Private,Urban,104.39,22.1,Unknown,0
1129,Female,53,0,0,Yes,Govt_job,Rural,189.32,30.7,smokes,0
1130,Male,59,0,0,No,Govt_job,Urban,204.72,25.1,smokes,0
1131,Male,27,0,1,No,Private,Rural,165.1,,formerly smoked,0
1132,Male,66,0,1,No,Self-employed,Urban,77.14,27.8,never smoked,0
1133,Male,46,0,0,Yes,Private,Urban,97.38,24.1,smokes,0
1134,Female,60,0,0,Yes,Private,Rural,101.6,22.2,Unknown,0
1135,Male,28,1,1,No,children,Urban,74.16,18.0,never smoked,0
1136,Female,20,0,0,No,children,Urban,79.41,27.5,formerly smoked,0
1137,Female,62,1,0,Yes,Private,Urban,101.35,32.5,Unknown,1
1138,Male,54,1,0,Yes,Private,Urban,77.12,17.8,never smoked,0
1139,Female,31,0,0,Yes,Private,Rural,73.77,28.3,formerly smoked,0
1140,Female,32,0,1,No,Private,Rural,119.15,30.3,never smoked,0
1141,Male,68,0,0,Yes,Private,Urban,95.28,22.1,Unknown,0
1142,Female,26,1,0,No,Private,Urban,169.64,37.7,never smoked,0
1143,Male,77,1,0,Yes,Private,Rural,199.53,26.0,smokes,1
1144,Male,31,0,0,Yes,Private,Urban,200.58,27.8,never smoked,0
1145,Male,59,1,1,Yes,Private,Urban,214.09,27.5,never smoked,0
1146,Female,42,0,0,Yes,children,Urban,75.39,17.0,Unknown,0
1147,Female,58,1,0,Yes,Self-employed,Rural,60.72,35.1,smokes,0
1148,Male,38,1,0,No,Private,Urban,96.83,22.3,Unknown,0
1149,Male,45,0,0,Yes,Private,Urban,88.34,27.0,formerly smoked,0
1150,Female,48,0,0,Yes,Private,Urban,79.35,32.4,formerly smoked,0
1151,Male,29,0,0,No,Private,Urban,204.98,38.0,Unknown,0
1152,Male,61,0,0,Yes,Private,Rural,102.59,21.5,never smoked,0
1153,Female,38,1,0,No,Govt_job,Urban,56.88,25.6,never smoked,0
1154,Female,43,0,0,No,Self-employed,Urban,80.21,37.5,never smoked,0
1155,Male,30,0,0,Yes,Self-employed,Urban,124.76,31.5,never smoked,0
1156,Female,18,0,0,No,Private,Urban,98.75,32.9,never smoked,0
1157,Female,44,1,0,Yes,children,Rural,100.14,21.7,Unknown,0
1158,Male,90,1,0,No,children,Rural,107.59,26.0,Unknown,0
1159,Female,62,0,0,Yes,Private,Urban,200.46,,Unknown,0
1160,Male,47,0,0,Yes,Private,Urban,101.95,22.9,Unknown,0
1161,Female,43,1,0,No,Private,Urban,100.77,17.6,formerly smoked,1
1162,Female,48,1,0,Yes,Private,Rural,98.09,25.2,never smoked,0
1163,Female,57,0,0,No,Self-employed,Rural,85.17,37.3,smokes,0
1164,Male,26,0,0,No,Private,Urban,92.58,28.9,Unknown,0
1165,Female,68,0,0,Yes,Private,Rural,81.17,37.4,formerly smoked,1
1166,Male,60,0,1,No,Private,Rural,175.62,29.7,formerly smoked,0
1167,Male,60,0,0,Yes,Private,Rural,72.47,23.5,never smoked,0
1168,Male,55,1,1,Yes,children,Urban,78.14,36.8,formerly smoked,0
1169,Female,48,0,0,Yes,Private,Urban,190.96,29.9,formerly smoked,0
1170,Female,60,1,0,Yes,Self-employed,Urban,194.5,34.8,never smoked,0
1171,Male,58,0,0,Yes,Private,Rural,82.42,21.6,Unknown,0
1172,Female,41,0,0,No,Self-employed,Rural,87.54,35.3,never smoked,0
1173,Male,37,0,0,Yes,Private,Rural,96.03,35.4,Unknown,0
1174,Female,49,0,0,Yes,Self-employed,Urban,104.24,30.4,never smoked,0
1175,Male,75,0,1,Yes,Private,Urban,83.04,23.3,Unknown,1
1176,Female,25,0,0,No,Private,Urban,200.16,28.2,formerly smoked,0
1177,Male,21,0,0,No,Private,Rural,104.08,32.5,Unknown,0
1178,Female,50,0,1,No,Private,Urban,97.56,30.0,never smoked,0
1179,Male,48,0,0,Yes,children,Urban,92.3,32.4,smokes,0
1180,Male,51,1,1,Yes,Private,Rural,209.41,35.1,Unknown,1
1181,Male,52,0,0,Yes,Private,Urban,107.81,24.3,never smoked,0
1182,Female,43,1,1,Yes,Private,Urban,108.35,21.0,never smoked,1
1183,Female,74,0,0,Yes,children,Urban,110.02,28.3,never smoked,0
1184,Male,19,0,0,No,Private,Rural,90.62,26.4,never smoked,0
1185,Female,33,0,0,No,Govt_job,Rural,98.32,33.6,never smoked,0
1186,Female,46,1,1,Yes,Govt_job,Rural,110.15,21.5,smokes,0
1187,Female,18,0,0,No,Private,Urban,80.64,,never smoked,0
1188,Female,44,0,0,Yes,Private,Rural,85.22,37.3,smokes,1
1189,Male,77,0,1,Yes,Private,Rural,206.84,28.5,Unknown,1
1190,Male,48,0,0,No,Govt_job,Rural,103.49,28.9,smokes,0
1191,Female,52,0,0,Yes,Private,Rural,146.88,23.5,never smoked,0
1192,Female,25,0,0,No,Private,Urban,86.54,25.0,smokes,0
1193,Female,36,0,0,Yes,Self-employed,Urban,67.37,25.8,formerly smoked,0
1194,Male,41,1,1,Yes,Private,Urban,93.69,37.9,never smoked,1
1195,Male,42,0,0,No,Private,Rural,76.23,28.0,never smoked,0
1196,Female,71,0,1,Yes,Private,Rural,159.14,19.9,Unknown,1
1197,Female,58,1,0,No,Private,Rural,71.04,30.2,Unknown,0
1198,Female,27,0,0,No,Private,Urban,94.9,33.9,never smoked,0
1199,Female,52,0,0,Yes,Private,Urban,110.42,28.3,formerly smoked,0
1200,Female,56,0,1,Yes,children,Urban,90.58,38.0,never smoked,0
1201,Male,68,1,0,Yes,Private,Rural,194.82,33.6,Unknown,0
1202,Male,76,1,1,Yes,children,Urban,107.74,21.7,Unknown,1
1203,Female,29,1,0,No,Self-employed,Rural,66.83,24.9,never smoked,0
1204,Female,33,0,0,Yes,Private,Urban,97.8,30.0,never smoked,0
1205,Male,25,0,0,No,Self-employed,Urban,89.83,17.7,smokes,0
1206,Male,43,0,0,Yes,Private,Rural,98.49,30.7,formerly smoked,0
1207,Female,56,0,0,Yes,Never_worked,Urban,207.31,17.0,never smoked,0
1208,Male,65,0,0,No,children,Urban,77.73,35.2,smokes,0
1209,Male,46,0,0,Yes,Private,Urban,92.11,34.4,never smoked,0
1210,Female,42,0,0,No,Private,Urban,114.74,31.8,smokes,0
1211,Female,50,0,0,Yes,Private,Rural,179.17,24.1,formerly smoked,1
1212,Female,32,0,0,Yes,Private,Rural,82.38,29.6,Unknown,0
1213,Male,85,0,0,Yes,Private,Urban,69.89,25.2,smokes,0
1214,Female,19,0,0,No,Private,Rural,64.77,21.8,formerly smoked,0
1215,Male,51,0,0,No,Self-employed,Urban,109.74,26.3,Unknown,0
1216,Male,84,1,0,Yes,Private,Rural,75.67,33.0,formerly smoked,1
1217,Female,48,0,0,No,Govt_job,Rural,85.12,28.8,never smoked,0
1218,Female,44,1,0,Yes,Govt_job,Rural,109.82,37.9,never smoked,0
1219,Female,41,0,0,Yes,Private,Urban,65.79,33.5,never smoked,0
1220,Female,44,0,0,Yes,Govt_job,Urban,112.38,32.8,never smoked,0
1221,Female,72,0,0,Yes,Private,Urban,86.2,18.0,Unknown,0
1222,Male,18,0,0,No,Private,Rural,72.77,26.6,never smoked,0
1223,Male,75,1,1,Yes,Self-employed,Rural,86.29,21.6,never smoked,1
1224,Male,22,0,0,No,Private,Urban,79.16,27.3,Unknown,0
1225,Male,43,0,0,Yes,Private,Rural,96.61,24.0,smokes,0
1226,Female,40,1,0,Yes,children,Urban,80.28,26.0,formerly smoked,0
1227,Male,58,0,0,Yes,children,Urban,61.33,35.4,never smoked,0
1228,Female,19,0,0,No,Self-employed,Urban,86.69,31.6,never smoked,0
1229,Female,56,0,0,No,Govt_job,Urban,196.26,35.0,formerly smoked,0
1230,Female,84,0,0,Yes,Private,Urban,93.06,,Unknown,0
1231,Female,23,0,0,No,Private,Urban,72.19,28.9,never smoked,0
1232,Female,51,0,0,Yes,Govt_job,Urban,82.68,34.8,smokes,0
1233,Female,36,1,1,Yes,Private,Urban,92.74,38.3,Unknown,0
1234,Male,55,0,0,Yes,Private,Rural,216.97,18.4,smokes,1
1235,Female,48,0,0,Yes,Private,Urban,93.76,26.2,formerly smoked,0
1236,Male,36,0,1,Yes,Self-employed,Rural,100.2,35.2,Unknown,0
1237,Male,56,1,0,Yes,Private,Urban,72.63,27.3,Unknown,0
1238,Female,80,1,0,No,Self-employed,Rural,228.27,22.6,smokes,1
1239,Male,44,0,0,Yes,Private,Rural,191.86,18.4,Unknown,1
1240,Female,60,1,0,No,Private,Urban,93.71,22.3,formerly smoked,0
1241,Female,24,0,0,No,Private,Urban,235.28,17.5,Unknown,0
1242,Female,30,0,1,No,Private,Rural,75.25,28.9,Unknown,0
1243,Male,56,0,0,Yes,children,Rural,213.88,34.3,formerly smoked,1
1244,Male,74,0,1,Yes,Private,Urban,193.25,20.3,smokes,0
1245,Female,54,0,0,Yes,Private,Urban,139.75,30.2,smokes,0
1246,Female,42,1,0,Yes,Private,Rural,75.83,34.0,Unknown,0
1247,Female,47,0,0,Yes,Private,Rural,112.26,28.5,Unknown,0
1248,Female,25,1,1,No,Private,Urban,69.97,18.0,never smoked,0
1249,Female,58,0,1,Yes,Private,Urban,80.09,,Unknown,1
1250,Male,63,0,0,Yes,children,Urban,108.34,28.1,Unknown,0
1251,Male,39,0,1,Yes,Self-employed,Urban,175.87,27.5,Unknown,0
1252,Female,39,0,0,No,Private,Urban,61.81,24.9,Unknown,0
1253,Male,52,0,0,Yes,Private,Urban,63.05,29.1,never smoked,0
1254,Male,40,0,0,Yes,Private,Urban,92.43,31.8,formerly smoked,0
1255,Female,46,0,0,Yes,Private,Urban,102.94,44.0,Unknown,0
1256,Female,85,0,0,Yes,Self-employed,Rural,193.63,29.2,Unknown,1
1257,Female,43,0,0,Yes,children,Urban,195.63,,never smoked,0
1258,Female,41,0,0,No,Private,Urban,109.96,30.8,smokes,0
1259,Male,36,0,0,Yes,Govt_job,Urban,118.32,27.9,Unknown,0
1260,Female,61,0,0,Yes,Private,Rural,94.97,29.5,Unknown,0
1261,Female,44,1,1,Yes,Private,Rural,97.6,20.6,smokes,0
1262,Male,36,0,0,Yes,Private,Rural,58.0,30.5,never smoked,0
1263,Female,71,0,0,No,Private,Urban,121.5,15.6,Unknown,0
1264,Female,73,0,0,No,children,Rural,81.37,22.9,Unknown,0
1265,Female,37,0,0,Yes,Private,Urban,76.0,29.2,Unknown,0
1266,Female,18,1,0,No,Private,Urban,86.17,36.3,Unknown,0
1267,Female,66,0,0,Yes,children,Rural,112.68,37.8,formerly smoked,0
1268,Male,35,0,0,Yes,children,Rural,123.12,27.0,Unknown,0
1269,Male,62,0,0,Yes,Govt_job,Rural,91.88,29.5,Unknown,0
1270,Female,18,0,0,No,children,Rural,186.45,34.9,smokes,0
1271,Female,64,1,0,Yes,Private,Rural,90.65,19.9,Unknown,0
1272,Female,26,0,0,No,Govt_job,Urban,74.43,31.1,Unknown,0
1273,Female,61,0,0,Yes,Self-employed,Urban,112.15,23.1,Unknown,0
1274,Female,48,0,0,No,children,Urban,172.47,27.4,smokes,0
1275,Female,30,0,0,Yes,Govt_job,Rural,213.59,25.5,formerly smoked,0
1276,Female,40,0,0,No,Private,Urban,109.48,31.3,never smoked,0
1277,Female,60,0,1,Yes,Govt_job,Rural,99.21,32.1,never smoked,0
1278,Female,49,0,0,Yes,Private,Urban,117.43,34.3,formerly smoked,0
1279,Female,58,1,0,No,Private,Urban,177.85,30.8,smokes,1
1280,Female,83,0,0,No,Private,Urban,87.37,,never smoked,0
1281,Male,19,0,0,No,children,Urban,210.03,40.6,Unknown,0
1282,Male,77,0,0,Yes,Private,Rural,62.04,18.6,smokes,0
1283,Male,49,1,1,No,Private,Urban,123.67,39.5,formerly smoked,0
1284,Female,31,0,1,Yes,Private,Urban,204.27,26.6,formerly smoked,0
1285,Male,24,0,0,No,children,Urban,107.03,32.2,never smoked,0
1286,Female,44,0,0,No,Private,Urban,78.88,26.4,Unknown,0
1287,Female,64,0,0,Yes,Govt_job,Urban,113.07,23.9,never smoked,0
1288,Male,45,0,0,Yes,Govt_job,Urban,181.8,31.6,smokes,0
1289,Female,75,0,0,Yes,Private,Rural,72.12,35.3,smokes,1
1290,Male,21,0,0,No,Private,Urban,86.87,31.6,smokes,0
1291,Male,47,0,0,Yes,Govt_job,Urban,82.02,25.0,formerly smoked,0
1292,Female,25,0,0,No,children,Rural,195.51,52.0,never smoked,1
1293,Male,54,1,0,Yes,Govt_job,Urban,205.64,36.3,never smoked,0
1294,Male,63,1,0,Yes,Private,Urban,99.42,34.6,formerly smoked,1
1295,Female,40,0,0,Yes,children,Rural,85.63,26.2,Unknown,0
1296,Female,18,0,0,No,Private,Urban,80.02,24.4,formerly smoked,0
1297,Male,51,0,1,No,Self-employed,Rural,81.25,26.7,never smoked,0
1298,Female,55,0,0,Yes,Govt_job,Urban,225.19,35.5,never smoked,0
1299,Male,55,1,1,No,Private,Rural,93.38,22.1,smokes,1
1300,Male,70,0,0,Yes,Govt_job,Rural,60.24,21.6,formerly smoked,0
1301,Female,28,0,0,No,Self-employed,Urban,82.2,32.0,never smoked,0
1302,Female,60,1,0,Yes,children,Urban,91.45,30.6,smokes,0
1303,Female,69,0,0,Yes,Private,Urban,117.68,23.5,never smoked,0
1304,Female,18,0,1,No,Private,Urban,105.43,,formerly smoked,0
1305,Female,53,0,0,No,Govt_job,Rural,179.68,37.8,never smoked,0
1306,Female,38,0,0,Yes,Private,Rural,126.28,30.8,Unknown,1
1307,Male,46,0,0,Yes,Private,Urban,89.53,19.6,never smoked,0
1308,Female,54,1,1,Yes,Never_worked,Rural,108.69,20.1,formerly smoked,0
1309,Male,39,1,0,No,Private,Urban,245.08,26.2,Unknown,0
1310,Female,35,0,1,Yes,children,Rural,55.0,33.3,never smoked,0
1311,Male,48,1,1,Yes,Private,Rural,253.19,32.4,smokes,1
1312,Male,28,0,0,No,Private,Rural,55.0,35.9,never smoked,0
1313,Female,28,0,0,No,Govt_job,Urban,192.31,18.8,never smoked,0
1314,Female,60,0,1,No,Self-employed,Rural,93.22,30.0,smokes,0
1315,Female,27,1,0,No,Self-employed,Urban,76.13,37.8,Unknown,0
1316,Male,59,1,0,Yes,Private,Rural,96.79,37.2,formerly smoked,0
1317,Male,56,0,0,Yes,Govt_job,Urban,92.84,30.8,smokes,0
1318,Male,18,1,0,No,Private,Urban,232.66,43.8,smokes,0
1319,Male,35,1,0,Yes,Private,Rural,108.14,32.5,formerly smoked,0
1320,Female,69,1,0,Yes,Private,Rural,85.65,35.3,smokes,0
1321,Female,30,0,0,No,Self-employed,Urban,76.8,28.8,never smoked,0
1322,Female,39,1,0,Yes,Private,Rural,102.42,23.4,never smoked,0
1323,Male,56,1,0,Yes,Private,Rural,102.03,22.8,formerly smoked,0
1324,Female,62,0,1,Yes,Private,Rural,91.51,29.7,Unknown,0
1325,Female,43,1,0,Yes,Private,Rural,122.66,27.1,never smoked,0
1326,Female,37,0,0,No,Private,Urban,257.91,17.0,smokes,0
1327,Female,73,0,0,Yes,Self-employed,Rural,76.5,21.8,never smoked,0
1328,Male,79,0,0,Yes,Private,Urban,96.27,26.4,never smoked,0
1329,Male,65,0,1,Yes,children,Urban,79.88,33.2,smokes,1
1330,Male,49,0,0,Yes,Self-employed,Rural,159.65,28.4,Unknown,0
1331,Female,33,0,0,Yes,Private,Rural,77.5,28.0,formerly smoked,0
1332,Male,33,1,1,No,Self-employed,Rural,84.0,22.1,never smoked,0
1333,Male,57,0,1,Yes,Private,Rural,118.36,28.7,Unknown,0
1334,Male,55,0,0,Yes,Govt_job,Rural,83.92,37.1,never smoked,0
1335,Male,73,0,0,Yes,Never_worked,Urban,78.02,29.5,Unknown,0
1336,Female,59,0,0,Yes,Private,Rural,107.56,18.7,smokes,0
1337,Female,20,1,0,No,Self-employed,Urban,74.23,20.4,smokes,0
1338,Female,66,0,0,No,Private,Rural,79.61,,Unknown,0
1339,Male,30,0,0,Yes,Private,Rural,98.65,27.0,Unknown,0
1340,Female,41,0,0,Yes,Govt_job,Rural,104.08,28.0,never smoked,0
1341,Female,52,0,0,Yes,Private,Urban,108.31,24.5,never smoked,0
1342,Male,83,0,0,No,Private,Rural,248.95,31.8,formerly smoked,1
1343,Female,90,0,1,Yes,Private,Rural,169.42,26.5,never smoked,1
1344,Male,58,0,0,No,Self-employed,Rural,83.01,27.3,Unknown,0
1345,Female,44,0,1,Yes,Private,Urban,80.92,23.0,never smoked,0
1346,Female,57,0,1,No,children,Rural,148.73,34.5,smokes,0
1347,Male,63,1,0,Yes,Private,Rural,221.57,27.1,Unknown,1
1348,Male,42,0,0,Yes,Private,Rural,208.9,32.5,Unknown,0
1349,Female,80,0,0,Yes,Self-employed,Rural,92.33,20.7,smokes,0
1350,Female,52,0,0,Yes,Private,Urban,73.94,39.8,Unknown,1
1351,Female,56,0,0,Yes,Self-employed,Urban,104.49,36.8,never smoked,0
1352,Female,59,1,0,Yes,Private,Urban,98.4,16.1,Unknown,1
1353,Male,55,0,1,Yes,Private,Urban,60.21,23.3,never smoked,0
1354,Male,63,0,0,Yes,Private,Rural,94.16,31.6,Unknown,0
1355,Female,36,1,0,No,children,Urban,78.41,,never smoked,0
1356,Male,37,0,0,Yes,Private,Urban,106.46,27.6,never smoked,0
1357,Female,28,0,0,No,Govt_job,Urban,68.32,31.3,formerly smoked,0
1358,Female,55,0,1,Yes,Private,Rural,84.65,27.3,Unknown,0
1359,Female,62,0,0,Yes,Self-employed,Urban,195.35,32.0,Unknown,0
1360,Male,56,1,0,Yes,Private,Urban,164.22,24.0,never smoked,0
1361,Female,78,1,0,Yes,children,Urban,101.44,14.0,never smoked,0
1362,Female,47,1,0,No,Govt_job,Urban,154.96,34.9,never smoked,0
1363,Female,60,0,0,Yes,Govt_job,Rural,114.78,34.8,formerly smoked,0
1364,Female,28,0,0,No,Private,Urban,97.88,44.8,formerly smoked,0
1365,Male,41,0,0,No,Private,Rural,219.69,14.2,formerly smoked,0
1366,Female,60,0,1,Yes,Private,Rural,103.11,33.4,smokes,1
1367,Female,63,0,1,No,children,Rural,89.83,15.7,formerly smoked,1
1368,Male,42,0,0,Yes,Private,Rural,70.74,39.9,Unknown,0
1369,Male,46,0,0,No,Private,Rural,81.55,31.7,never smoked,0
1370,Male,20,0,0,No,Private,Urban,113.84,,smokes,0
1371,Male,41,1,0,Yes,Private,Rural,110.78,33.6,smokes,1
1372,Male,64,1,0,No,Private,Urban,80.71,24.9,never smoked,0
1373,Female,58,0,0,Yes,Govt_job,Urban,230.77,30.5,formerly smoked,1
1374,Male,57,0,0,Yes,Private,Rural,86.81,29.8,never smoked,0
1375,Male,48,0,0,Yes,children,Urban,85.68,39.8,never smoked,0
1376,Female,48,1,0,Yes,Govt_job,Rural,86.25,40.3,formerly smoked,0
1377,Male,36,0,0,Yes,Private,Rural,161.17,24.6,formerly smoked,0
1378,Female,60,1,0,No,Private,Urban,234.17,35.4,never smoked,1
1379,Male,55,0,0,Yes,Private,Rural,225.27,30.8,formerly smoked,0
1380,Male,56,0,1,Yes,children,Urban,96.69,19.3,formerly smoked,1
1381,Female,38,0,0,Yes,Private,Urban,62.99,24.0,never smoked,0
1382,Female,18,0,0,No,Private,Rural,84.88,43.7,never smoked,0
1383,Female,67,0,0,Yes,Private,Urban,124.56,30.8,smokes,0
1384,Female,39,0,0,No,Private,Rural,95.61,35.0,Unknown,0
1385,Female,32,0,0,No,Private,Rural,202.31,27.1,Unknown,0
1386,Male,60,0,0,Yes,Private,Urban,95.39,25.0,never smoked,0
1387,Male,40,1,1,Yes,Govt_job,Rural,228.39,,never smoked,1
1388,Female,67,0,0,No,Govt_job,Rural,55.0,26.8,never smoked,0
1389,Female,59,1,1,No,Private,Urban,234.56,18.8,formerly smoked,0
1390,Female,60,0,0,Yes,Private,Urban,89.43,22.0,smokes,0
1391,Male,23,0,0,No,children,Rural,171.48,33.1,formerly smoked,0
1392,Male,69,0,1,No,Private,Urban,90.72,26.0,Unknown,0
1393,Female,52,0,0,Yes,children,Rural,177.25,28.7,smokes,0
1394,Male,41,0,0,Yes,Private,Urban,96.45,30.0,Unknown,0
1395,Female,50,1,0,Yes,Self-employed,Rural,77.94,30.5,never smoked,0
1396,Female,18,0,0,No,Self-employed,Rural,71.75,36.0,never smoked,0
1397,Female,55,0,0,Yes,Private,Urban,77.49,21.4,never smoked,0
1398,Female,29,0,0,Yes,Govt_job,Rural,98.14,32.2,never smoked,0
1399,Female,23,1,0,No,Private,Rural,199.81,33.4,Unknown,0
1400,Male,20,0,0,No,Private,Rural,97.24,34.9,never smoked,0
1401,Female,68,1,0,Yes,Private,Rural,242.73,19.3,smokes,1
1402,Female,36,0,0,Yes,Govt_job,Rural,97.1,30.2,never smoked,0
1403,Female,75,0,0,No,Private,Rural,91.52,39.7,never smoked,1
1404,Male,38,1,0,No,Govt_job,Rural,100.45,27.9,never smoked,0
1405,Female,18,0,0,No,Private,Rural,192.8,31.6,never smoked,0
1406,Male,27,0,0,No,Private,Urban,91.67,33.6,smokes,0
1407,Male,70,0,0,No,Govt_job,Rural,74.33,21.8,Unknown,1
1408,Female,45,1,1,Yes,Private,Urban,107.44,40.4,smokes,0
1409,Male,38,1,1,Yes,Private,Urban,87.79,31.7,formerly smoked,0
1410,Male,50,0,0,No,Private,Urban,90.46,31.9,never smoked,0
1411,Female,57,0,1,Yes,Private,Urban,67.42,17.7,Unknown,0
1412,Female,68,0,0,No,Self-employed,Urban,105.25,33.7,never smoked,0
1413,Female,74,0,1,No,Private,Urban,99.41,31.8,Unknown,1
1414,Female,41,0,0,Yes,Private,Urban,168.42,39.1,formerly smoked,0
1415,Female,24,0,0,No,Private,Rural,77.8,26.5,never smoked,0
1416,Male,40,0,1,Yes,Private,Urban,214.56,22.1,formerly smoked,0
1417,Male,52,0,1,Yes,Private,Urban,93.35,24.1,Unknown,0
1418,Female,30,0,0,Yes,children,Urban,79.58,,never smoked,0
1419,Female,30,0,0,Yes,Govt_job,Urban,96.52,21.2,never smoked,0
1420,Female,54,1,0,Yes,Private,Urban,57.59,36.9,never smoked,0
1421,Female,47,0,0,No,Private,Rural,82.69,37.1,smokes,0
1422,Male,48,0,0,Yes,children,Rural,116.95,27.2,never smoked,0
1423,Female,34,0,0,Yes,Private,Rural,96.59,25.9,Unknown,0
1424,Male,43,0,1,Yes,Private,Rural,92.5,16.7,Unknown,0
1425,Female,31,0,0,Yes,Govt_job,Urban,119.78,33.0,Unknown,0
1426,Female,64,0,0,Yes,Private,Urban,55.0,39.2,never smoked,0
1427,Female,66,0,0,Yes,Private,Urban,201.41,24.4,smokes,0
1428,Male,18,0,0,No,children,Rural,83.98,27.7,never smoked,0
1429,Male,31,0,0,No,Self-employed,Urban,102.88,31.3,smokes,0
1430,Male,21,0,0,No,Private,Rural,202.69,39.7,Unknown,0
1431,Female,36,1,0,Yes,Private,Urban,212.51,29.8,formerly smoked,0
1432,Female,46,0,1,Yes,Private,Urban,104.97,29.8,Unknown,0
1433,Male,21,0,0,No,Govt_job,Rural,83.95,29.7,Unknown,0
1434,Male,31,0,0,Yes,Private,Rural,214.7,19.2,never smoked,0
1435,Female,29,0,0,Yes,Private,Rural,74.51,19.1,smokes,0
1436,Male,51,1,1,No,children,Rural,88.15,23.2,never smoked,0
1437,Female,49,0,0,Yes,Private,Rural,82.65,35.1,formerly smoked,0
1438,Female,35,0,0,Yes,Private,Rural,105.84,26.3,never smoked,0
1439,Male,51,0,0,Yes,Private,Rural,211.76,25.1,Unknown,0
1440,Male,38,0,0,No,Private,Urban,89.36,24.9,formerly smoked,0
1441,Female,43,0,0,No,Private,Rural,152.73,27.6,smokes,0
1442,Male,78,0,0,Yes,children,Rural,98.18,39.6,Unknown,0
1443,Male,72,0,1,Yes,children,Urban,103.3,27.5,Unknown,0
1444,Female,24,0,0,No,Private,Rural,93.17,,Unknown,0
1445,Female,62,1,0,Yes,Private,Rural,172.51,28.7,never smoked,1
1446,Female,62,0,0,Yes,Private,Urban,84.75,39.9,smokes,0
1447,Female,27,1,0,No,Private,Urban,90.39,25.2,formerly smoked,0
1448,Male,62,0,0,Yes,Private,Urban,93.74,20.8,smokes,0
1449,Male,75,1,0,No,children,Rural,87.79,25.2,never smoked,0
1450,Female,27,0,0,No,Private,Rural,90.29,29.3,never smoked,0
1451,Female,31,0,0,No,Private,Urban,67.24,33.0,Unknown,0
1452,Female,66,0,1,No,Private,Rural,189.09,35.0,never smoked,1
1453,Female,52,1,0,Yes,Private,Urban,92.72,21.7,formerly smoked,0
1454,Male,57,0,0,Yes,Private,Rural,105.03,22.3,never smoked,0
1455,Female,54,0,0,Yes,Private,Urban,90.0,26.4,never smoked,0
1456,Male,55,0,0,No,Private,Urban,63.92,32.9,never smoked,0
1457,Female,24,0,0,No,Self-employed,Rural,84.62,20.3,smokes,0
1458,Male,66,0,0,Yes,Private,Urban,141.39,24.6,Unknown,0
1459,Male,69,1,1,Yes,Private,Urban,101.14,24.6,never smoked,0
1460,Male,43,1,0,Yes,Private,Urban,187.59,34.6,never smoked,0
1461,Female,47,0,1,Yes,children,Urban,148.19,31.9,smokes,0
1462,Female,20,1,1,No,Private,Urban,97.71,34.4,never smoked,0
1463,Female,57,0,0,Yes,Private,Rural,80.08,37.2,Unknown,0
1464,Female,58,0,0,Yes,Private,Rural,91.12,26.5,never smoked,0
1465,Male,46,0,1,No,Govt_job,Rural,80.59,20.8,formerly smoked,0
1466,Male,68,0,1,No,Private,Rural,79.06,20.8,formerly smoked,0
1467,Female,41,1,0,Yes,Private,Urban,83.87,16.6,Unknown,0
1468,Male,58,0,0,No,Private,Urban,79.34,25.5,smokes,0
1469,Female,29,0,0,Yes,Private,Urban,262.79,26.0,never smoked,0
1470,Male,47,0,1,Yes,Private,Rural,78.98,33.6,never smoked,0
1471,Female,44,0,0,Yes,Private,Rural,76.46,28.6,Unknown,0
1472,Male,52,0,0,Yes,Govt_job,Urban,116.52,25.3,Unknown,0
1473,Female,41,1,1,Yes,Self-employed,Urban,104.41,27.7,never smoked,0
1474,Female,45,1,0,Yes,Private,Urban,62.08,21.7,Unknown,0
1475,Female,62,1,0,Yes,Private,Rural,197.4,35.2,smokes,1
1476,Male,40,0,0,No,Private,Rural,226.16,23.4,formerly smoked,0
1477,Female,19,0,0,No,Private,Urban,94.86,21.1,never smoked,0
1478,Female,79,0,0,Yes,children,Rural,67.64,33.8,Unknown,0
1479,Female,72,0,0,No,Never_worked,Urban,107.38,32.2,never smoked,0
1480,Female,24,0,0,No,Private,Rural,102.38,,Unknown,0
1481,Female,60,1,0,Yes,Private,Rural,241.38,34.1,never smoked,1
1482,Female,38,0,0,Yes,Private,Rural,237.44,23.7,Unknown,0
1483,Female,52,0,0,Yes,Self-employed,Urban,96.78,26.1,never smoked,0
1484,Female,53,0,0,Yes,Self-employed,Urban,96.73,29.7,never smoked,0
1485,Female,43,0,0,Yes,Govt_job,Urban,113.37,32.3,never smoked,0
1486,Male,33,0,0,Yes,Govt_job,Urban,106.52,31.4,never smoked,0
1487,Male,35,1,0,No,Private,Rural,77.38,28.2,formerly smoked,0
1488,Female,31,0,0,Yes,Self-employed,Rural,99.5,25.7,never smoked,0
1489,Female,33,0,0,No,Self-employed,Urban,80.04,,Unknown,0
1490,Female,46,0,0,No,Private,Urban,97.56,27.7,smokes,0
1491,Female,35,0,0,No,Private,Urban,97.15,40.2,smokes,0
1492,Male,60,0,0,Yes,Self-employed,Rural,69.25,32.3,never smoked,0
1493,Male,74,1,0,No,Private,Rural,88.17,22.5,formerly smoked,0
1494,Female,37,0,0,Yes,Self-employed,Urban,93.98,25.4,never smoked,0
1495,Male,52,0,0,Yes,Self-employed,Urban,83.46,28.8,Unknown,0
1496,Female,56,0,0,Yes,Self-employed,Rural,219.8,36.9,never smoked,0
1497,Male,56,0,0,Yes,Self-employed,Rural,102.09,37.7,Unknown,0
1498,Female,49,0,0,No,Private,Urban,178.18,25.9,never smoked,0
1499,Female,61,1,0,No,Self-employed,Rural,93.37,22.4,Unknown,0
1500,Female,56,0,0,Yes,Private,Rural,110.75,21.6,never smoked,0
1501,Female,25,0,0,No,Private,Rural,97.1,30.1,never smoked,0
1502,Male,63,0,0,Yes,Private,Rural,93.01,43.5,smokes,0
1503,Female,63,0,0,Yes,Private,Urban,75.63,32.0,Unknown,1
1504,Female,34,0,0,No,Self-employed,Rural,100.07,18.1,smokes,0
1505,Male,48,0,0,Yes,children,Urban,94.95,23.8,never smoked,0
1506,Female,60,1,0,No,Private,Urban,109.26,24.4,formerly smoked,0
1507,Female,44,0,0,Yes,Private,Urban,90.7,23.2,Unknown,0
1508,Female,67,0,0,Yes,Private,Urban,62.76,,never smoked,0
1509,Female,90,1,1,Yes,Private,Urban,207.1,30.9,never smoked,1
1510,Female,33,0,0,Yes,Govt_job,Rural,207.66,32.9,Unknown,0
1511,Male,23,0,0,No,Private,Rural,81.45,35.6,Unknown,0
1512,Female,53,0,0,No,Self-employed,Rural,96.55,31.9,Unknown,0
1513,Female,60,0,0,No,Self-employed,Urban,91.71,15.8,Unknown,0
1514,Male,43,0,0,Yes,Private,Urban,128.48,,never smoked,0
1515,Male,74,0,0,Yes,children,Rural,88.55,27.5,formerly smoked,0
1516,Male,23,0,0,No,Private,Urban,216.31,29.5,smokes,0
1517,Female,60,1,0,Yes,Private,Rural,89.76,34.1,Unknown,0
1518,Female,37,0,0,Yes,children,Urban,165.57,28.8,Unknown,0
1519,Male,78,0,1,Yes,children,Rural,84.42,28.8,Unknown,0
1520,Female,83,0,1,No,Private,Urban,85.15,30.0,never smoked,1
1521,Male,34,0,0,Yes,Private,Rural,86.6,26.8,never smoked,0
1522,Female,38,0,0,No,Private,Rural,218.44,29.1,never smoked,1
1523,Female,63,1,0,Yes,Private,Rural,182.24,35.8,smokes,1
1524,Female,41,0,0,No,children,Rural,105.36,28.0,never smoked,0
1525,Female,47,0,0,Yes,Private,Urban,219.29,28.3,Unknown,0
1526,Male,48,0,0,Yes,Private,Rural,102.82,28.3,never smoked,0
1527,Male,18,0,0,No,children,Urban,98.02,36.9,never smoked,0
1528,Male,47,0,0,Yes,Private,Rural,182.0,21.3,formerly smoked,0
1529,Female,35,0,0,Yes,Private,Urban,102.98,40.0,Unknown,0
1530,Female,39,0,0,Yes,children,Rural,91.34,20.9,never smoked,0
1531,Female,73,0,1,No,Govt_job,Rural,104.77,24.2,Unknown,0
1532,Female,25,0,0,No,Govt_job,Urban,99.21,33.3,formerly smoked,0
1533,Female,62,1,0,Yes,Private,Urban,204.46,35.2,never smoked,1
1534,Female,42,0,0,Yes,Govt_job,Urban,103.44,19.4,never smoked,0
1535,Female,42,1,0,No,Private,Rural,91.37,21.4,Unknown,0
1536,Female,62,1,0,Yes,Self-employed,Urban,88.41,30.3,formerly smoked,0
1537,Male,54,0,0,Yes,children,Rural,82.86,43.7,Unknown,0
1538,Female,58,0,0,Yes,Private,Rural,92.49,36.6,formerly smoked,0
1539,Male,65,0,0,Yes,Govt_job,Rural,129.68,26.9,never smoked,0
1540,Female,42,0,0,Yes,Private,Rural,103.33,14.0,never smoked,0
1541,Female,36,0,0,Yes,Private,Urban,183.18,29.0,never smoked,0
1542,Male,28,0,0,No,Govt_job,Rural,98.99,30.9,smokes,0
1543,Female,33,1,0,Yes,Private,Rural,179.19,26.0,smokes,0
1544,Female,90,1,0,Yes,Self-employed,Rural,87.75,23.0,Unknown,1
1545,Male,70,0,0,Yes,Private,Rural,73.27,29.5,never smoked,0
1546,Male,23,0,1,No,children,Rural,109.52,22.4,never smoked,0
1547,Female,24,0,0,No,Private,Urban,237.66,40.7,never smoked,0
1548,Female,56,0,0,Yes,Private,Rural,79.64,38.4,never smoked,0
1549,Female,57,0,0,No,Private,Rural,63.06,32.8,formerly smoked,0
1550,Female,57,0,1,Yes,children,Rural,206.74,29.1,Unknown,0
1551,Female,43,0,0,Yes,Self-employed,Rural,65.68,24.2,smokes,0
1552,Female,45,1,0,Yes,Govt_job,Urban,78.75,28.4,Unknown,0
1553,Female,53,0,0,No,Private,Rural,98.82,39.2,never smoked,0
1554,Female,49,0,0,No,Private,Rural,100.83,34.1,never smoked,0
1555,Male,18,1,0,No,Private,Urban,80.22,29.8,never smoked,0
1556,Male,43,0,0,No,Private,Rural,87.99,34.5,never smoked,0
1557,Male,32,0,0,Yes,Private,Urban,76.91,32.0,smokes,0
1558,Female,51,0,0,Yes,children,Rural,81.77,31.1,never smoked,0
1559,Female,90,0,0,Yes,Govt_job,Urban,93.99,34.9,Unknown,0
1560,Female,54,0,0,Yes,Private,Rural,82.48,31.9,Unknown,0
1561,Male,42,0,0,Yes,Private,Urban,86.34,,never smoked,0
1562,Male,64,0,0,Yes,Govt_job,Urban,68.03,29.5,Unknown,0
1563,Male,56,0,0,Yes,Private,Urban,214.81,26.8,smokes,0
1564,Male,55,1,1,No,Private,Urban,191.03,24.9,never smoked,1
1565,Female,58,1,1,Yes,Private,Rural,197.54,24.2,Unknown,1
1566,Male,85,0,0,Yes,Private,Urban,109.36,18.1,never smoked,0
1567,Female,27,0,0,No,Govt_job,Rural,195.5,22.6,Unknown,0
1568,Female,56,0,1,Yes,Private,Rural,140.18,22.4,never smoked,0
1569,Male,31,0,0,Yes,Private,Rural,61.58,25.2,never smoked,0
1570,Female,57,1,0,Yes,Private,Rural,137.11,38.7,formerly smoked,1
1571,Female,31,0,0,Yes,Govt_job,Urban,87.76,27.5,Unknown,0
1572,Male,40,0,0,No,Private,Urban,105.58,30.1,never smoked,0
1573,Female,42,0,0,No,Private,Rural,180.41,30.3,never smoked,0
1574,Female,65,0,1,Yes,children,Urban,104.95,38.8,formerly smoked,1
1575,Female,64,0,0,Yes,children,Rural,117.86,24.8,never smoked,1
1576,Male,25,0,0,No,Never_worked,Urban,89.1,27.1,smokes,0
1577,Female,48,1,0,No,Govt_job,Rural,74.84,27.8,Unknown,0
1578,Female,35,0,0,Yes,Private,Urban,87.92,35.9,Unknown,0
1579,Male,25,0,0,No,Private,Rural,185.14,37.2,Unknown,0
1580,Female,44,0,0,No,Private,Urban,89.43,31.6,Unknown,0
1581,Female,42,1,0,Yes,Private,Urban,200.71,36.5,Unknown,0
1582,Female,90,0,0,Yes,children,Rural,89.46,29.7,Unknown,1
1583,Male,55,0,0,Yes,Govt_job,Urban,85.74,27.4,never smoked,0
1584,Female,23,0,0,No,Self-employed,Rural,97.91,36.2,formerly smoked,0
1585,Male,37,1,1,Yes,Private,Rural,240.25,31.7,Unknown,1
1586,Male,66,0,0,Yes,children,Urban,65.1,23.7,smokes,1
1587,Male,85,1,0,No,Govt_job,Rural,91.33,35.0,Unknown,1
1588,Male,19,0,0,No,Private,Urban,126.54,27.1,never smoked,0
1589,Male,18,1,0,No,children,Rural,244.64,26.3,Unknown,0
1590,Male,81,1,0,Yes,Private,Urban,88.72,34.3,smokes,0
1591,Female,55,0,0,No,Private,Rural,119.13,,never smoked,0
1592,Male,32,0,0,Yes,Self-employed,Urban,106.56,31.0,never smoked,0
1593,Male,57,1,0,Yes,Self-employed,Urban,82.3,32.8,never smoked,0
1594,Female,18,0,0,No,Private,Rural,287.9,23.4,Unknown,0
1595,Female,48,0,0,No,Private,Urban,147.92,31.0,smokes,0
1596,Female,53,0,0,Yes,Never_worked,Urban,78.78,37.3,Unknown,0
1597,Male,64,1,0,Yes,Self-employed,Rural,152.62,22.3,formerly smoked,1
1598,Male,29,0,0,Yes,Govt_job,Rural,85.8,31.4,Unknown,0
1599,Male,49,0,0,No,Private,Urban,91.69,23.1,formerly smoked,0
1600,Male,31,0,0,Yes,Private,Urban,191.74,35.1,never smoked,0
1601,Male,52,0,0,Yes,Private,Urban,70.85,35.1,never smoked,0
1602,Male,31,0,0,No,Private,Urban,89.38,26.2,Unknown,0
1603,Male,40,0,0,No,Private,Urban,115.73,42.9,never smoked,0
1604,Male,30,0,1,Yes,Private,Urban,91.23,35.7,never smoked,0
1605,Female,59,0,1,No,Self-employed,Rural,85.03,33.1,never smoked,0
1606,Male,63,0,0,Yes,Private,Rural,190.1,32.7,never smoked,0
1607,Male,43,0,0,Yes,Govt_job,Urban,200.43,34.9,Unknown,0
1608,Female,48,1,0,No,Private,Urban,118.02,22.0,formerly smoked,0
1609,Female,21,0,0,No,Private,Rural,89.94,29.8,smokes,0
1610,Male,42,0,0,Yes,Private,Urban,231.99,31.0,Unknown,0
1611,Female,47,1,0,Yes,Private,Rural,78.68,25.9,formerly smoked,0
1612,Female,90,0,0,Yes,Private,Rural,97.55,31.5,Unknown,0
1613,Male,27,1,1,No,children,Rural,94.13,36.5,never smoked,0
1614,Female,74,1,0,Yes,Govt_job,Urban,89.15,25.8,Unknown,0
1615,Female,65,0,1,No,Private,Rural,82.47,28.1,never smoked,0
1616,Male,53,1,1,Yes,Private,Rural,80.43,23.2,Unknown,0
1617,Male,79,0,0,Yes,Self-employed,Rural,209.89,16.9,smokes,0
1618,Female,54,0,0,No,Govt_job,Rural,173.33,,never smoked,0
1619,Female,55,0,0,Yes,Private,Urban,177.64,28.3,formerly smoked,0
1620,Male,47,0,0,Yes,Private,Urban,94.31,28.8,never smoked,0
1621,Male,70,1,0,Yes,Govt_job,Rural,168.99,22.1,never smoked,1
1622,Male,67,0,0,Yes,Govt_job,Rural,215.8,27.3,smokes,0
1623,Female,36,0,0,Yes,Govt_job,Rural,86.99,35.6,Unknown,0
1624,Female,24,0,1,No,children,Rural,187.03,28.5,smokes,0
1625,Male,44,0,0,Yes,children,Urban,130.47,28.7,formerly smoked,0
1626,Female,33,0,1,Yes,Private,Urban,94.67,29.8,never smoked,0
1627,Female,46,0,0,Yes,Private,Rural,99.68,20.5,never smoked,0
1628,Male,70,1,1,No,Govt_job,Urban,96.57,32.6,formerly smoked,1
1629,Male,39,0,0,No,Self-employed,Rural,86.06,20.3,Unknown,0
1630,Female,47,1,0,Yes,Never_worked,Urban,109.41,22.4,Unknown,0
1631,Female,49,0,1,Yes,Private,Rural,85.63,21.7,never smoked,0
1632,Female,63,1,0,No,Private,Rural,217.68,27.4,formerly smoked,1
1633,Female,18,0,0,No,Private,Urban,272.62,26.2,smokes,0
1634,Male,37,0,0,No,Private,Urban,75.6,28.5,smokes,0
1635,Female,51,0,0,Yes,Private,Rural,95.48,22.6,smokes,0
1636,Female,69,1,0,No,Self-employed,Rural,73.43,35.0,Unknown,1
1637,Male,39,0,0,Yes,Private,Rural,98.03,33.9,never smoked,0
1638,Male,18,1,0,No,Govt_job,Urban,72.09,27.4,Unknown,0
1639,Male,59,0,0,Yes,Self-employed,Urban,85.21,25.4,never smoked,0
1640,Male,36,0,1,Yes,Private,Urban,199.62,24.7,formerly smoked,1
1641,Male,26,0,0,No,Private,Urban,179.34,26.5,Unknown,0
1642,Male,36,1,0,Yes,Self-employed,Rural,65.19,19.4,formerly smoked,0
1643,Male,44,0,0,Yes,Govt_job,Rural,90.15,22.3,never smoked,0
1644,Male,37,1,0,Yes,children,Urban,107.15,34.1,never smoked,0
1645,Female,18,1,0,No,Govt_job,Urban,105.55,30.5,smokes,0
1646,Female,64,0,0,Yes,children,Urban,102.77,39.1,never smoked,0
1647,Female,70,0,0,Yes,Self-employed,Rural,85.24,26.6,formerly smoked,0
1648,Female,59,1,0,Yes,children,Urban,110.27,26.2,never smoked,0
1649,Female,27,0,0,No,Govt_job,Rural,103.7,25.8,Unknown,0
1650,Male,44,1,1,Yes,children,Urban,93.18,26.4,never smoked,0
1651,Female,47,0,0,Yes,Private,Rural,93.61,24.2,smokes,1
1652,Female,58,0,0,Yes,children,Urban,85.44,30.3,formerly smoked,0
1653,Female,60,1,1,Yes,Private,Urban,76.36,28.7,smokes,1
1654,Female,34,0,0,Yes,Govt_job,Rural,108.56,25.2,never smoked,0
1655,Male,49,0,0,Yes,Private,Rural,109.68,36.6,smokes,0
1656,Male,56,0,0,No,Private,Urban,76.74,40.8,smokes,1
1657,Male,74,0,0,Yes,Private,Urban,87.69,36.1,never smoked,1
1658,Female,60,0,0,Yes,Private,Urban,87.85,32.1,Unknown,1
1659,Female,62,1,0,Yes,Private,Urban,204.59,33.5,Unknown,1
1660,Male,49,0,0,Yes,Govt_job,Rural,90.96,40.6,never smoked,1
1661,Female,73,0,0,Yes,Private,Rural,104.2,33.4,smokes,0
1662,Female,55,0,1,Yes,Private,Urban,179.3,24.7,smokes,1
1663,Male,32,0,0,No,Private,Urban,233.79,31.0,never smoked,0
1664,Male,73,0,0,No,Self-employed,Urban,108.55,32.6,never smoked,0
1665,Male,60,1,0,No,Private,Urban,183.16,22.0,Unknown,0
1666,Male,40,0,0,Yes,Private,Urban,71.05,26.6,smokes,0
1667,Male,39,0,0,Yes,Private,Rural,228.37,35.7,Unknown,0
1668,Male,53,0,0,Yes,Self-employed,Urban,85.05,16.6,smokes,0
1669,Male,56,0,0,No,Private,Rural,249.67,20.4,never smoked,0
1670,Male,51,0,0,Yes,Private,Rural,227.6,27.4,never smoked,0
1671,Female,53,0,1,Yes,Private,Rural,107.21,30.8,Unknown,0
1672,Male,78,0,0,Yes,children,Rural,164.22,19.7,smokes,1
1673,Female,67,0,0,Yes,Private,Rural,104.19,27.7,never smoked,0
1674,Male,51,0,1,No,Self-employed,Rural,79.68,36.0,smokes,1
1675,Female,64,0,0,Yes,Private,Urban,87.02,28.9,Unknown,0
1676,Male,29,1,0,Yes,Private,Urban,214.12,34.6,Unknown,1
1677,Male,55,0,0,Yes,Private,Urban,86.84,24.7,never smoked,0
1678,Female,80,0,0,No,Private,Rural,100.26,23.2,never smoked,0
1679,Female,44,0,0,Yes,Private,Rural,92.02,34.0,Unknown,0
1680,Female,32,0,0,No,Private,Urban,109.67,30.9,Unknown,0
1681,Male,36,0,0,Yes,Private,Rural,72.88,20.8,never smoked,1
1682,Male,28,0,0,No,Self-employed,Rural,97.5,23.3,Unknown,0
1683,Female,33,0,0,Yes,Never_worked,Rural,238.66,38.7,never smoked,1
1684,Female,41,0,1,Yes,Private,Rural,91.41,22.5,never smoked,0
1685,Female,22,0,0,No,Self-employed,Rural,101.11,,never smoked,0
1686,Female,48,0,0,Yes,children,Urban,86.78,25.4,never smoked,0
1687,Male,64,0,0,Yes,Govt_job,Urban,98.27,28.5,Unknown,0
1688,Female,31,0,1,No,Private,Rural,75.6,30.4,smokes,1
1689,Male,75,0,0,Yes,Govt_job,Urban,65.04,14.8,never smoked,0
1690,Male,57,0,0,Yes,Private,Urban,98.36,19.0,Unknown,0
1691,Female,66,0,1,Yes,Private,Rural,116.16,29.1,Unknown,1
1692,Female,36,0,0,Yes,Private,Rural,162.47,23.8,never smoked,0
1693,Male,63,1,1,No,Private,Rural,194.84,35.0,smokes,1
1694,Male,28,0,0,No,Private,Urban,90.65,18.1,Unknown,0
1695,Female,64,0,0,No,Private,Rural,69.96,32.2,Unknown,0
1696,Male,51,0,1,No,Self-employed,Urban,73.03,19.6,Unknown,1
1697,Female,57,1,0,Yes,Private,Urban,183.2,26.2,never smoked,0
1698,Male,26,0,0,No,Private,Rural,83.93,21.6,never smoked,0
1699,Female,31,0,0,No,Private,Urban,174.92,40.9,Unknown,0
1700,Female,58,0,1,Yes,Private,Urban,64.59,19.8,Unknown,0
1701,Male,30,0,0,Yes,Self-employed,Rural,77.3,27.7,never smoked,0
1702,Male,56,0,0,Yes,children,Urban,92.91,17.3,never smoked,0
1703,Male,23,0,0,No,Private,Rural,89.9,38.9,Unknown,0
1704,Male,63,1,0,No,Private,Rural,82.48,31.1,never smoked,0
1705,Female,25,1,0,No,children,Rural,93.03,29.4,never smoked,0
1706,Male,57,0,0,Yes,Private,Urban,105.6,38.1,never smoked,0
1707,Female,59,0,0,No,children,Rural,95.91,29.5,formerly smoked,0
1708,Male,35,1,0,No,Private,Urban,88.18,29.9,never smoked,0
1709,Female,58,0,0,Yes,Private,Rural,103.92,29.4,smokes,0
1710,Female,52,0,0,No,Private,Urban,75.6,32.2,never smoked,0
1711,Female,38,0,0,Yes,Private,Urban,86.63,25.3,Unknown,0
1712,Female,29,0,0,No,Private,Rural,86.98,27.1,Unknown,0
1713,Male,18,0,0,No,children,Urban,71.45,33.8,Unknown,0
1714,Male,54,0,0,Yes,Self-employed,Urban,83.7,30.3,Unknown,0
1715,Female,19,0,0,No,Self-employed,Urban,58.88,27.8,smokes,0
1716,Female,49,0,0,Yes,Govt_job,Rural,118.68,19.4,never smoked,0
1717,Female,43,0,0,No,Private,Urban,160.2,38.2,never smoked,0
1718,Male,60,0,0,Yes,Self-employed,Urban,113.79,24.2,never smoked,0
1719,Female,42,1,0,No,Private,Urban,90.57,34.9,never smoked,0
1720,Female,42,0,1,No,Govt_job,Rural,98.47,29.6,formerly smoked,0
1721,Male,61,0,0,Yes,Private,Rural,82.67,20.1,Unknown,0
1722,Male,54,1,0,No,Self-employed,Urban,93.12,36.6,formerly smoked,0
1723,Female,53,1,0,Yes,children,Urban,99.76,,formerly smoked,0
1724,Female,56,0,1,No,Private,Urban,99.97,37.2,smokes,0
1725,Female,20,0,0,No,Private,Urban,101.62,27.3,never smoked,0
1726,Male,61,1,0,Yes,Private,Urban,84.48,33.1,Unknown,0
1727,Female,59,1,0,Yes,Private,Urban,82.79,17.0,formerly smoked,0
1728,Male,29,1,0,Yes,Self-employed,Rural,66.09,25.2,never smoked,0
1729,Male,43,1,0,Yes,children,Rural,179.13,20.2,Unknown,1
1730,Male,47,0,0,Yes,Private,Urban,106.24,,smokes,0
1731,Female,45,0,0,No,Private,Rural,114.24,31.6,formerly smoked,0
1732,Female,54,0,0,Yes,Self-employed,Rural,94.58,24.6,smokes,0
1733,Female,73,0,0,Yes,Private,Rural,78.5,34.1,Unknown,0
1734,Male,67,0,1,Yes,Private,Rural,180.26,22.9,never smoked,0
1735,Female,24,0,0,No,children,Urban,105.63,34.3,Unknown,0
1736,Male,59,0,0,Yes,Self-employed,Urban,63.06,,Unknown,0
1737,Female,71,1,1,No,Private,Rural,84.89,35.1,smokes,1
1738,Female,54,0,0,No,Private,Urban,237.07,26.3,smokes,0
1739,Male,67,0,0,Yes,Self-employed,Urban,88.96,14.7,Unknown,0
1740,Female,84,0,0,Yes,Govt_job,Urban,90.54,32.3,never smoked,0
1741,Male,66,0,1,Yes,Govt_job,Urban,92.07,27.7,Unknown,0
1742,Female,52,1,1,Yes,Private,Rural,55.0,22.1,smokes,1
1743,Female,66,1,0,Yes,children,Urban,90.22,24.9,formerly smoked,0
1744,Male,50,1,0,No,Private,Urban,170.64,37.8,smokes,1
1745,Female,48,0,0,Yes,Self-employed,Urban,100.98,21.1,formerly smoked,0
1746,Male,41,0,0,No,Self-employed,Urban,81.67,31.5,never smoked,0
1747,Female,76,0,0,Yes,Private,Rural,57.64,29.9,Unknown,0
1748,Female,33,0,0,Yes,children,Urban,77.79,26.2,smokes,0
1749,Female,75,1,1,Yes,Private,Rural,194.04,32.7,Unknown,1
1750,Male,56,0,0,Yes,Private,Rural,107.86,39.1,never smoked,0
1751,Female,22,1,1,No,Govt_job,Rural,92.95,26.6,formerly smoked,0
1752,Female,54,0,0,No,Self-employed,Urban,126.84,26.9,Unknown,0
1753,Male,18,0,0,No,Govt_job,Urban,107.72,32.5,Unknown,0
1754,Male,59,0,0,No,Private,Rural,88.56,34.5,Unknown,0
1755,Female,63,1,0,Yes,Private,Rural,178.15,27.7,Unknown,1
1756,Female,37,0,0,Yes,children,Urban,100.26,26.5,never smoked,0
1757,Female,50,0,0,Yes,Private,Urban,70.7,14.1,Unknown,0
1758,Female,83,0,0,Yes,Govt_job,Urban,112.09,23.4,never smoked,1
1759,Female,38,1,1,Yes,Private,Rural,68.7,21.1,never smoked,0
1760,Male,28,0,0,No,Govt_job,Urban,103.76,33.0,never smoked,0
1761,Male,74,0,1,Yes,Private,Rural,67.24,26.9,Unknown,0
1762,Male,83,1,1,Yes,Self-employed,Rural,99.02,26.7,never smoked,0
1763,Female,48,0,0,Yes,children,Rural,117.93,28.4,never smoked,0
1764,Male,66,0,0,Yes,Private,Rural,86.81,22.8,never smoked,0
1765,Female,72,0,0,Yes,Govt_job,Urban,86.15,38.6,smokes,0
1766,Female,34,0,0,No,Govt_job,Rural,99.16,36.9,Unknown,0
1767,Female,39,1,1,Yes,Govt_job,Rural,85.06,39.0,formerly smoked,0
1768,Male,70,1,0,No,children,Rural,117.27,32.9,formerly smoked,1
1769,Female,78,0,0,Yes,Private,Urban,92.88,28.3,never smoked,0
1770,Male,58,1,0,Yes,Private,Rural,85.2,39.0,never smoked,1
1771,Female,32,0,0,Yes,Private,Urban,81.9,24.1,never smoked,0
1772,Male,83,0,0,No,Private,Urban,76.01,22.8,formerly smoked,1
1773,Male,38,0,0,Yes,Private,Rural,80.58,24.6,smokes,0
1774,Female,41,0,0,No,Private,Rural,84.74,31.9,never smoked,0
1775,Male,54,0,0,Yes,Private,Rural,223.17,23.5,Unknown,1
1776,Male,75,1,0,Yes,Private,Urban,80.13,27.5,Unknown,0
1777,Female,63,1,0,Yes,Private,Rural,121.48,18.1,never smoked,1
1778,Female,55,0,0,Yes,Govt_job,Urban,173.54,31.6,never smoked,0
1779,Female,56,0,1,Yes,Self-employed,Rural,92.2,18.6,Unknown,0
1780,Female,48,0,0,Yes,Private,Urban,98.89,22.4,never smoked,0
1781,Female,58,1,0,Yes,children,Rural,239.58,36.4,never smoked,1
1782,Male,18,1,0,No,Private,Rural,89.12,36.2,formerly smoked,0
1783,Male,42,0,0,Yes,children,Urban,194.9,30.9,Unknown,0
1784,Male,52,1,0,No,Self-employed,Urban,96.77,30.3,smokes,0
1785,Female,27,0,0,No,Private,Rural,281.72,,never smoked,0
1786,Female,54,0,0,Yes,Self-employed,Rural,86.12,23.5,never smoked,0
1787,Male,44,0,1,No,Govt_job,Rural,66.57,26.1,never smoked,0
1788,Female,79,0,0,No,Private,Rural,82.98,18.7,never smoked,0
1789,Female,76,0,0,No,children,Urban,72.8,30.1,formerly smoked,0
1790,Male,39,0,0,Yes,Private,Urban,79.99,28.8,Unknown,0
1791,Female,45,0,0,Yes,Private,Urban,90.5,22.4,never smoked,0
1792,Female,46,0,1,Yes,Private,Urban,95.38,38.7,never smoked,0
1793,Female,39,0,1,Yes,Private,Rural,204.31,32.4,never smoked,0
1794,Male,51,0,0,Yes,Private,Urban,81.94,33.0,never smoked,0
1795,Female,34,0,0,No,children,Rural,168.01,,Unknown,0
1796,Female,27,1,0,No,Private,Rural,94.59,28.5,never smoked,1
1797,Female,59,0,1,Yes,Private,Rural,109.44,32.6,never smoked,0
1798,Female,59,0,0,Yes,Private,Rural,98.64,29.5,never smoked,0
1799,Female,33,0,0,No,children,Urban,74.87,38.9,formerly smoked,0
1800,Female,64,1,0,Yes,Never_worked,Rural,64.15,27.2,Unknown,0
1801,Male,36,1,1,Yes,Govt_job,Urban,94.67,25.2,never smoked,0
1802,Female,52,0,0,Yes,children,Urban,82.07,32.6,formerly smoked,0
1803,Female,62,0,0,Yes,Govt_job,Rural,75.3,20.3,never smoked,0
1804,Female,47,1,0,No,children,Urban,70.99,34.5,Unknown,0
1805,Female,56,0,0,Yes,Self-employed,Rural,196.9,20.0,smokes,1
1806,Female,38,0,0,Yes,Private,Rural,112.62,32.7,smokes,0
1807,Female,44,0,0,Yes,Private,Rural,83.87,24.3,formerly smoked,0
1808,Female,44,0,0,No,Self-employed,Urban,178.67,31.6,Unknown,0
1809,Male,34,0,0,No,Private,Rural,88.47,34.4,formerly smoked,0
1810,Female,44,0,0,Yes,Private,Urban,70.66,29.5,formerly smoked,0
1811,Female,20,0,0,No,Self-employed,Rural,154.85,20.7,smokes,0
1812,Male,39,1,0,Yes,children,Urban,73.58,22.7,formerly smoked,0
1813,Female,42,0,0,Yes,Private,Rural,205.94,23.8,never smoked,0
1814,Female,43,1,0,Yes,Govt_job,Urban,84.88,16.2,never smoked,0
1815,Female,43,0,0,Yes,Self-employed,Urban,103.4,35.8,never smoked,0
1816,Female,46,0,0,Yes,children,Urban,74.13,29.2,formerly smoked,0
1817,Male,56,0,0,Yes,children,Urban,223.62,21.1,smokes,1
1818,Male,63,1,0,Yes,Govt_job,Rural,183.7,38.0,never smoked,1
1819,Male,36,0,0,No,Private,Urban,150.75,23.9,smokes,0
1820,Female,26,0,0,No,Private,Urban,55.0,30.1,Unknown,0
1821,Male,29,0,0,Yes,Private,Rural,121.38,23.1,never smoked,0
1822,Male,39,0,0,No,Govt_job,Urban,98.26,15.4,never smoked,0
1823,Male,41,1,0,Yes,children,Urban,243.3,19.6,Unknown,0
1824,Female,34,0,0,Yes,Govt_job,Rural,73.13,25.6,smokes,0
1825,Female,24,1,0,No,Private,Urban,82.57,34.3,never smoked,0
1826,Male,39,0,0,Yes,Self-employed,Urban,100.75,30.8,formerly smoked,0
1827,Male,51,0,0,Yes,Private,Urban,61.62,29.4,smokes,0
1828,Female,58,0,0,Yes,Private,Urban,87.88,15.4,smokes,0
1829,Female,37,0,0,No,Private,Rural,116.56,36.8,smokes,0
1830,Male,40,0,0,Yes,Private,Urban,72.99,30.0,smokes,0
1831,Female,31,0,0,Yes,Govt_job,Rural,212.02,27.7,Unknown,0
1832,Male,47,0,0,Yes,Private,Urban,123.05,35.9,never smoked,0
1833,Male,32,0,0,Yes,Private,Urban,99.48,36.6,Unknown,0
1834,Female,58,0,0,Yes,children,Urban,91.89,36.0,Unknown,1
1835,Male,18,0,0,No,Private,Rural,204.8,26.9,formerly smoked,0
1836,Female,41,1,0,Yes,Private,Rural,83.99,22.0,Unknown,0
1837,Male,53,0,1,Yes,Private,Rural,109.49,34.9,never smoked,1
1838,Female,51,0,0,No,Private,Rural,84.01,19.6,never smoked,0
1839,Female,90,1,0,Yes,Private,Urban,60.61,41.2,Unknown,0
1840,Male,54,0,0,No,Private,Urban,234.27,28.7,never smoked,0
1841,Female,29,0,0,Yes,Self-employed,Urban,149.67,21.6,never smoked,0
1842,Male,46,0,0,Yes,Private,Urban,85.78,20.5,formerly smoked,0
1843,Female,18,0,0,No,Private,Urban,86.11,20.2,formerly smoked,0
1844,Male,46,1,0,Yes,children,Urban,107.96,29.4,smokes,1
1845,Male,33,0,0,Yes,Private,Urban,100.43,28.5,never smoked,0
1846,Male,64,0,0,Yes,children,Urban,93.95,,never smoked,0
1847,Female,38,0,1,Yes,Private,Urban,89.96,26.2,never smoked,0
1848,Female,45,0,0,Yes,Private,Urban,74.12,19.6,formerly smoked,0
1849,Female,36,0,1,No,Govt_job,Rural,193.32,32.3,smokes,0
1850,Male,79,0,1,Yes,Private,Urban,91.7,28.1,smokes,1
1851,Female,42,0,0,No,Private,Rural,101.92,26.0,formerly smoked,0
1852,Male,80,0,0,Yes,Self-employed,Rural,88.37,20.1,never smoked,0
1853,Female,62,0,0,Yes,Private,Urban,81.98,26.5,Unknown,0
1854,Male,56,0,0,Yes,Govt_job,Urban,166.03,25.8,never smoked,0
1855,Male,54,1,0,No,children,Urban,88.75,30.6,never smoked,0
1856,Male,55,1,0,No,Private,Rural,115.29,29.6,Unknown,0
1857,Female,18,1,0,No,Self-employed,Urban,108.49,33.6,never smoked,0
1858,Female,42,1,0,Yes,Private,Urban,104.39,25.4,formerly smoked,0
1859,Male,63,0,0,Yes,children,Urban,198.19,,never smoked,0
1860,Female,47,0,0,Yes,Govt_job,Rural,70.65,34.9,formerly smoked,0
1861,Female,22,0,0,No,children,Urban,223.1,22.4,never smoked,0
1862,Female,47,1,0,No,Private,Rural,231.6,21.3,Unknown,0
1863,Female,78,1,0,Yes,Govt_job,Urban,216.61,28.2,never smoked,0
1864,Male,70,0,0,Yes,Private,Rural,204.98,30.5,smokes,0
1865,Female,46,0,0,Yes,Private,Rural,96.79,,Unknown,0
1866,Male,65,1,0,Yes,children,Urban,199.5,25.0,smokes,0
1867,Male,41,0,0,Yes,Private,Rural,88.86,26.0,smokes,0
1868,Female,18,1,0,No,children,Rural,104.05,37.7,smokes,0
1869,Female,31,0,0,No,Private,Urban,82.94,,formerly smoked,0
1870,Male,76,0,0,Yes,Govt_job,Urban,101.86,22.2,Unknown,0
1871,Male,43,0,1,Yes,Private,Rural,104.09,22.3,never smoked,0
1872,Female,43,1,0,Yes,Private,Rural,95.47,26.9,Unknown,0
1873,Male,42,0,0,Yes,Private,Rural,115.04,30.0,smokes,0
1874,Male,82,0,0,Yes,Self-employed,Rural,76.74,31.6,Unknown,0
1875,Male,77,1,0,No,Private,Rural,82.69,29.3,never smoked,0
1876,Female,87,0,0,Yes,Self-employed,Urban,192.53,23.0,Unknown,1
1877,Female,45,1,0,No,Private,Rural,103.21,25.7,never smoked,0
1878,Male,53,0,1,Yes,Private,Urban,92.69,33.3,Unknown,0
1879,Male,20,0,0,No,Private,Rural,109.29,21.1,formerly smoked,0
1880,Male,74,0,0,No,Private,Rural,80.07,25.5,smokes,0
1881,Female,26,1,0,No,Govt_job,Rural,72.89,,smokes,0
1882,Male,51,1,0,No,children,Urban,94.62,34.2,never smoked,0
1883,Male,28,0,0,No,Private,Urban,88.84,27.2,formerly smoked,0
1884,Female,37,0,0,Yes,Self-employed,Urban,98.14,25.8,never smoked,0
1885,Male,32,0,0,No,Govt_job,Rural,89.59,19.9,smokes,0
1886,Female,37,0,0,No,Private,Rural,196.24,31.9,Unknown,0
1887,Male,38,1,1,Yes,Private,Urban,88.88,37.1,never smoked,0
1888,Male,38,0,0,Yes,Private,Rural,148.65,45.2,formerly smoked,0
1889,Male,63,0,0,Yes,Private,Rural,85.43,31.0,smokes,0
1890,Female,28,0,0,No,Private,Urban,86.95,,never smoked,0
1891,Female,51,1,0,Yes,Private,Urban,234.38,22.5,Unknown,0
1892,Female,69,1,1,No,Self-employed,Rural,205.32,16.3,formerly smoked,1
1893,Male,38,0,0,Yes,Private,Rural,92.91,29.7,never smoked,0
1894,Female,35,0,0,Yes,Private,Rural,123.85,43.8,never smoked,0
1895,Male,43,0,0,Yes,Private,Rural,92.41,36.8,formerly smoked,0
1896,Male,69,0,0,Yes,Private,Rural,81.74,35.8,never smoked,0
1897,Female,51,0,0,No,Private,Urban,130.06,30.1,never smoked,0
1898,Male,38,0,1,Yes,children,Urban,255.67,30.8,never smoked,0
1899,Male,56,0,0,No,Private,Urban,210.8,14.0,smokes,1
1900,Male,28,0,0,No,Self-employed,Urban,98.88,,smokes,0
1901,Male,60,0,0,Yes,Private,Urban,159.86,24.7,never smoked,0
1902,Male,55,0,0,No,Self-employed,Urban,232.59,23.9,smokes,0
1903,Female,42,0,0,Yes,Self-employed,Rural,73.47,26.4,Unknown,0
1904,Female,32,0,0,Yes,Private,Rural,95.51,26.2,Unknown,0
1905,Female,32,0,1,Yes,Govt_job,Urban,70.13,23.8,Unknown,0
1906,Female,57,0,1,No,Private,Rural,237.68,28.6,Unknown,1
1907,Male,70,0,0,No,Govt_job,Rural,209.61,24.9,never smoked,0
1908,Male,36,0,0,Yes,Private,Rural,95.36,29.2,never smoked,0
1909,Male,56,1,0,No,children,Rural,95.01,18.8,formerly smoked,0
1910,Female,18,0,0,No,Govt_job,Urban,97.22,,smokes,0
1911,Male,37,0,0,Yes,children,Rural,216.21,21.4,Unknown,0
1912,Female,47,0,0,No,Private,Rural,80.9,24.3,never smoked,0
1913,Male,31,0,0,Yes,Private,Urban,86.08,29.4,formerly smoked,0
1914,Female,31,0,0,No,Govt_job,Rural,200.32,18.1,smokes,0
1915,Female,35,0,0,Yes,children,Rural,106.02,23.2,formerly smoked,0
1916,Male,53,0,0,Yes,children,Rural,72.8,32.2,formerly smoked,0
1917,Female,44,0,0,Yes,Private,Rural,193.34,19.3,never smoked,0
1918,Female,18,0,0,No,Govt_job,Rural,79.1,40.1,Unknown,0
1919,Male,18,0,0,No,Private,Urban,195.28,36.3,formerly smoked,0
1920,Female,37,0,1,Yes,Private,Urban,108.22,25.3,formerly smoked,0
1921,Female,56,0,0,Yes,Private,Urban,76.13,23.4,never smoked,0
1922,Female,18,0,0,No,Private,Rural,94.61,29.8,formerly smoked,0
1923,Female,39,1,0,Yes,children,Rural,117.52,19.1,never smoked,0
1924,Female,38,0,0,No,Private,Urban,96.23,15.5,never smoked,0
1925,Male,72,1,1,Yes,Self-employed,Rural,111.32,25.5,never smoked,1
1926,Male,41,1,1,Yes,Self-employed,Rural,104.98,,never smoked,1
1927,Female,54,0,0,No,Private,Rural,206.95,29.1,smokes,1
1928,Female,50,0,0,Yes,Private,Urban,87.15,24.5,formerly smoked,0
1929,Male,18,0,0,No,Private,Urban,90.52,36.8,Unknown,0
1930,Male,61,1,0,Yes,Private,Rural,91.56,18.8,never smoked,0
1931,Female,51,1,0,Yes,Govt_job,Rural,103.74,21.1,never smoked,0
1932,Female,57,1,0,No,children,Rural,96.13,31.7,Unknown,0
1933,Female,90,0,1,Yes,Private,Rural,55.0,20.9,never smoked,0
1934,Male,18,0,0,No,Private,Urban,210.75,20.7,never smoked,0
1935,Male,79,0,0,Yes,Private,Rural,57.19,,never smoked,0
1936,Male,42,0,0,Yes,Govt_job,Urban,92.63,21.7,Unknown,0
1937,Female,53,0,1,Yes,Private,Urban,93.61,,Unknown,1
1938,Male,47,0,0,No,Private,Urban,94.25,24.0,never smoked,0
1939,Female,40,0,0,Yes,Private,Urban,75.62,22.9,smokes,0
1940,Male,37,0,0,Yes,children,Urban,153.37,14.8,formerly smoked,0
1941,Female,53,0,0,No,Private,Rural,100.74,29.4,Unknown,0
1942,Female,20,0,0,No,Private,Rural,71.17,20.4,never smoked,0
1943,Female,61,1,0,Yes,children,Urban,68.01,27.4,Unknown,0
1944,Male,40,0,0,No,Self-employed,Rural,203.56,25.2,never smoked,0
1945,Male,27,0,0,No,Self-employed,Urban,116.88,27.2,formerly smoked,0
1946,Male,39,0,0,Yes,Private,Urban,115.5,27.5,never smoked,0
1947,Female,70,0,0,Yes,children,Rural,98.45,29.8,Unknown,0
1948,Female,38,1,1,Yes,Self-employed,Rural,79.05,23.8,smokes,0
1949,Female,54,0,0,Yes,children,Rural,103.3,36.6,formerly smoked,0
1950,Female,34,0,0,Yes,Self-employed,Urban,83.21,16.5,smokes,0
1951,Female,61,0,0,No,Govt_job,Rural,184.35,,smokes,0
1952,Male,60,0,0,No,Private,Rural,57.84,33.9,Unknown,0
1953,Female,81,1,1,No,Private,Rural,91.54,31.6,never smoked,1
1954,Male,44,0,0,Yes,Govt_job,Urban,80.55,22.2,formerly smoked,0
1955,Male,60,0,0,No,Private,Rural,91.45,23.2,never smoked,0
1956,Female,49,0,0,Yes,Private,Rural,55.51,22.0,formerly smoked,0
1957,Male,71,0,1,Yes,Private,Rural,92.55,32.4,Unknown,0
1958,Male,35,1,0,Yes,Govt_job,Urban,230.06,23.7,smokes,0
1959,Female,61,0,0,Yes,Private,Rural,106.32,30.2,Unknown,0
1960,Male,44,1,1,No,Govt_job,Urban,97.83,30.2,never smoked,0
1961,Female,46,0,0,Yes,Self-employed,Rural,200.77,43.9,smokes,0
1962,Male,49,0,0,Yes,Private,Urban,98.44,30.5,never smoked,0
1963,Male,52,0,0,No,Private,Urban,75.33,23.2,Unknown,0
1964,Male,45,0,0,Yes,Private,Rural,91.09,19.0,never smoked,1
1965,Male,51,0,0,No,Private,Urban,101.92,26.7,smokes,0
1966,Female,76,0,0,Yes,Private,Urban,195.32,27.7,Unknown,1
1967,Male,65,0,1,Yes,Private,Urban,83.29,14.1,Unknown,0
1968,Female,63,0,1,No,children,Urban,89.66,23.9,formerly smoked,0
1969,Female,39,0,0,Yes,Private,Rural,228.84,30.4,never smoked,0
1970,Female,31,0,0,Yes,Self-employed,Rural,111.86,25.0,formerly smoked,0
1971,Female,65,0,0,Yes,Private,Rural,73.14,34.8,never smoked,0
1972,Female,63,0,0,Yes,Self-employed,Urban,80.68,18.4,smokes,0
1973,Male,74,0,1,Yes,Private,Rural,61.26,32.9,Unknown,0
1974,Male,37,1,0,Yes,Self-employed,Urban,112.65,34.4,never smoked,0
1975,Male,43,0,1,Yes,Self-employed,Rural,86.31,,smokes,0
1976,Female,18,0,0,No,Self-employed,Urban,83.42,18.3,Unknown,0
1977,Male,40,0,0,Yes,Private,Rural,89.21,30.5,never smoked,0
1978,Female,65,0,0,Yes,Self-employed,Rural,99.54,24.2,formerly smoked,0
1979,Female,39,0,1,Yes,Private,Urban,95.21,19.4,Unknown,0
1980,Male,59,0,0,No,Private,Urban,129.72,25.8,Unknown,0
1981,Female,44,0,0,No,Private,Rural,96.81,22.6,formerly smoked,0
1982,Male,53,0,0,Yes,Private,Urban,83.02,34.5,never smoked,0
1983,Male,27,0,0,No,Private,Urban,81.58,31.8,never smoked,0
1984,Female,49,0,0,Yes,Self-employed,Urban,84.11,21.0,smokes,0
1985,Female,18,0,0,No,Private,Rural,67.47,23.8,never smoked,0
1986,Female,44,1,0,Yes,Private,Rural,90.6,26.0,never smoked,0
1987,Female,18,0,0,No,Private,Urban,101.75,28.0,Unknown,0
1988,Male,69,0,0,Yes,Self-employed,Urban,80.8,35.0,Unknown,0
1989,Female,61,0,0,Yes,Private,Rural,188.76,33.0,Unknown,0
1990,Female,56,1,0,No,Private,Rural,192.06,28.8,never smoked,1
1991,Female,75,1,0,No,Self-employed,Urban,68.6,,never smoked,1
1992,Male,30,0,1,Yes,Private,Rural,58.98,17.0,Unknown,0
1993,Female,79,1,0,Yes,Private,Urban,72.71,36.9,Unknown,1
1994,Male,64,0,0,Yes,Private,Urban,208.35,25.6,Unknown,0
1995,Male,43,0,0,Yes,Self-employed,Rural,203.37,38.6,Unknown,0
1996,Female,68,1,0,Yes,Self-employed,Rural,84.59,29.8,Unknown,0
1997,Male,28,1,0,No,Private,Urban,189.62,41.7,formerly smoked,0
1998,Female,33,0,0,Yes,Private,Urban,107.29,32.4,never smoked,0
1999,Female,37,1,0,No,Private,Urban,79.63,19.2,smokes,0
2000,Male,38,0,0,Yes,Self-employed,Urban,101.63,24.5,smokes,0
2001,Female,28,1,0,No,children,Urban,112.67,27.4,never smoked,0
2002,Female,70,0,0,Yes,Private,Urban,133.69,22.8,Unknown,0
2003,Female,43,0,0,Yes,Private,Rural,101.06,26.0,never smoked,0
2004,Female,54,0,0,No,Govt_job,Rural,86.37,19.6,Unknown,0
2005,Female,37,0,0,Yes,Govt_job,Rural,103.86,28.5,never smoked,0
2006,Female,18,0,1,No,children,Rural,66.43,,formerly smoked,0
2007,Female,52,0,0,No,Self-employed,Urban,65.32,22.0,Unknown,0
2008,Male,18,0,0,No,children,Urban,84.13,41.1,never smoked,0
2009,Female,46,0,0,Yes,Private,Urban,76.67,28.9,formerly smoked,0
2010,Male,23,0,0,No,Private,Rural,82.25,23.2,never smoked,0
2011,Female,83,0,0,No,Private,Urban,170.88,17.9,Unknown,0
2012,Female,64,0,0,Yes,Self-employed,Rural,100.8,28.9,Unknown,0
2013,Male,49,0,0,No,Private,Rural,83.89,26.8,Unknown,0
2014,Female,70,1,1,No,Private,Urban,77.64,33.6,Unknown,1
2015,Female,32,0,0,Yes,Private,Urban,84.73,27.6,Unknown,0
2016,Male,57,0,1,Yes,Private,Rural,78.46,20.7,never smoked,0
2017,Female,51,0,0,No,children,Rural,75.99,39.4,never smoked,0
2018,Female,52,0,0,Yes,Private,Rural,65.8,31.3,formerly smoked,0
2019,Male,70,0,0,Yes,Private,Urban,91.04,26.8,smokes,1
2020,Female,61,0,0,Yes,Govt_job,Rural,81.47,29.6,Unknown,0
2021,Male,53,1,1,Yes,Private,Urban,182.39,31.6,never smoked,1
2022,Female,18,0,0,No,Self-employed,Rural,68.29,19.2,never smoked,0
2023,Female,30,0,0,No,Govt_job,Rural,191.56,29.5,formerly smoked,0
2024,Female,45,0,0,Yes,children,Rural,117.19,25.6,never smoked,0
2025,Female,49,1,0,Yes,children,Urban,75.91,31.8,smokes,1
2026,Female,27,0,0,No,Private,Rural,86.45,23.7,smokes,0
2027,Female,90,0,1,Yes,Self-employed,Urban,201.2,24.6,Unknown,1
2028,Male,75,0,0,Yes,Private,Urban,69.77,39.3,never smoked,0
2029,Female,58,0,0,Yes,Private,Urban,113.21,36.5,Unknown,0
2030,Male,49,0,0,Yes,Private,Rural,92.57,14.0,never smoked,0
2031,Female,44,0,0,Yes,Private,Rural,92.01,36.0,never smoked,0
2032,Male,30,1,0,Yes,children,Urban,119.16,28.0,smokes,0
2033,Male,49,0,0,Yes,Private,Rural,169.97,23.9,never smoked,0
2034,Male,52,0,0,No,Private,Urban,107.36,22.0,never smoked,0
2035,Female,25,0,0,No,Private,Urban,107.24,22.3,never smoked,0
2036,Male,54,0,0,Yes,Private,Urban,145.49,24.1,smokes,0
2037,Female,45,0,0,Yes,children,Rural,73.06,21.2,Unknown,0
2038,Male,18,0,1,No,Private,Rural,94.7,19.7,smokes,0
2039,Male,32,0,0,Yes,Self-employed,Urban,197.55,21.7,smokes,0
2040,Female,40,0,1,Yes,Private,Rural,63.08,30.6,never smoked,0
2041,Female,81,0,0,Yes,Private,Urban,73.18,28.8,never smoked,0
2042,Male,58,0,1,No,Private,Rural,103.32,32.1,never smoked,0
2043,Female,23,0,0,No,Govt_job,Urban,103.14,28.1,Unknown,0
2044,Female,56,0,1,Yes,Private,Rural,66.77,20.0,never smoked,0
2045,Female,20,0,0,No,Private,Rural,101.93,31.7,Unknown,0
2046,Male,67,0,0,Yes,Private,Rural,127.82,22.0,never smoked,0
2047,Male,39,0,1,No,Govt_job,Urban,241.33,,smokes,1
2048,Female,46,1,0,No,Self-employed,Rural,128.87,20.9,Unknown,0
2049,Male,71,0,0,Yes,Private,Urban,99.68,24.0,never smoked,0
2050,Female,24,0,1,No,Private,Rural,102.66,26.2,Unknown,0
2051,Female,22,0,0,No,children,Urban,84.73,32.9,never smoked,0
2052,Female,37,0,0,Yes,Govt_job,Urban,90.27,29.6,never smoked,0
2053,Female,66,0,0,Yes,Govt_job,Rural,80.27,28.6,never smoked,0
2054,Female,20,0,1,No,Govt_job,Rural,114.77,40.8,Unknown,0
2055,Male,18,0,0,No,Self-employed,Urban,88.2,16.6,never smoked,0
2056,Female,39,1,0,No,Private,Rural,76.17,21.8,never smoked,0
2057,Male,57,0,0,No,children,Rural,79.26,21.5,Unknown,0
2058,Female,69,0,1,Yes,children,Rural,91.9,17.0,never smoked,1
2059,Female,39,1,0,Yes,Private,Urban,101.3,23.8,formerly smoked,0
2060,Female,40,0,1,No,Private,Rural,69.96,33.0,Unknown,0
2061,Female,68,0,1,Yes,children,Urban,168.32,24.7,never smoked,1
2062,Female,18,0,0,No,Private,Urban,208.03,26.3,never smoked,0
2063,Male,41,1,0,Yes,children,Rural,97.0,17.3,Unknown,0
2064,Female,51,1,0,Yes,Private,Rural,88.54,23.3,never smoked,0
2065,Female,56,0,0,Yes,Private,Rural,90.29,25.5,never smoked,0
2066,Male,38,0,0,Yes,Private,Urban,87.78,32.7,formerly smoked,0
2067,Male,48,0,1,Yes,Private,Urban,105.27,17.6,Unknown,0
2068,Male,18,0,0,No,Private,Urban,142.75,25.5,never smoked,0
2069,Male,36,0,0,Yes,Private,Urban,101.51,35.6,never smoked,0
2070,Male,56,1,0,Yes,Self-employed,Urban,188.06,25.6,never smoked,0
2071,Male,30,0,0,No,children,Urban,92.93,14.7,never smoked,0
2072,Male,49,1,0,Yes,Private,Rural,77.94,36.8,smokes,0
2073,Male,56,0,0,Yes,Private,Rural,108.25,33.3,never smoked,0
2074,Female,41,0,1,Yes,Private,Rural,77.49,34.2,smokes,0
2075,Female,51,0,1,Yes,Private,Rural,85.13,17.2,formerly smoked,0
2076,Male,30,0,0,Yes,Private,Urban,85.28,38.3,never smoked,0
2077,Female,44,0,1,Yes,Private,Urban,220.48,23.5,never smoked,0
2078,Male,58,1,0,Yes,Private,Rural,139.02,25.2,never smoked,1
2079,Female,50,1,0,Yes,Private,Rural,195.85,,never smoked,1
2080,Female,37,0,0,Yes,Private,Rural,110.91,34.7,smokes,0
2081,Male,52,0,0,Yes,Self-employed,Urban,77.72,27.3,smokes,0
2082,Male,60,1,1,Yes,Private,Urban,92.54,31.6,never smoked,0
2083,Female,18,0,0,No,children,Rural,78.36,,smokes,0
2084,Female,68,0,0,Yes,children,Rural,96.31,27.9,Unknown,0
2085,Female,41,0,0,Yes,children,Rural,89.76,22.3,never smoked,0
2086,Female,55,1,0,Yes,children,Urban,87.67,40.3,formerly smoked,0
2087,Male,69,0,0,Yes,Private,Rural,180.64,19.0,Unknown,0
2088,Female,23,0,0,No,Private,Rural,160.39,31.2,never smoked,0
2089,Male,35,1,0,Yes,Private,Rural,98.8,30.9,Unknown,0
2090,Female,42,0,0,Yes,Govt_job,Rural,222.24,36.0,Unknown,0
2091,Female,33,0,0,Yes,children,Rural,91.69,37.5,never smoked,0
2092,Female,79,0,0,Yes,Govt_job,Rural,72.07,27.6,Unknown,0
2093,Female,32,1,0,No,Private,Rural,168.85,31.9,never smoked,0
2094,Male,38,0,0,No,Govt_job,Urban,88.77,40.0,never smoked,0
2095,Male,51,1,1,Yes,Private,Rural,211.85,28.1,formerly smoked,0
2096,Male,26,0,0,No,Private,Rural,91.51,,never smoked,0
2097,Male,40,0,0,Yes,Govt_job,Urban,205.95,26.0,formerly smoked,0
2098,Female,53,1,0,Yes,Private,Rural,219.75,20.0,never smoked,0
2099,Male,42,0,0,Yes,Never_worked,Urban,84.19,30.9,Unknown,0
2100,Male,46,0,0,Yes,Private,Rural,113.09,35.4,formerly smoked,0
2101,Female,38,0,0,No,Govt_job,Rural,96.56,27.7,formerly smoked,0
2102,Female,20,0,0,No,Private,Urban,80.36,18.0,never smoked,0
2103,Female,53,0,0,Yes,Govt_job,Urban,97.06,35.1,never smoked,0
2104,Female,79,0,1,Yes,Govt_job,Rural,202.49,17.0,never smoked,1
2105,Male,48,0,0,Yes,children,Rural,60.16,18.5,Unknown,0
2106,Male,52,1,0,No,Private,Urban,174.09,27.3,never smoked,0
2107,Female,60,0,0,No,children,Rural,106.42,30.1,smokes,0
2108,Female,25,1,0,No,Private,Rural,117.57,31.2,never smoked,0
2109,Male,78,0,0,Yes,Private,Urban,96.33,28.1,smokes,0
2110,Female,51,0,0,Yes,Private,Urban,86.27,39.9,formerly smoked,0
2111,Male,77,0,0,Yes,Govt_job,Rural,102.52,28.9,formerly smoked,0
2112,Male,34,0,0,Yes,Private,Urban,102.75,35.2,smokes,0
2113,Female,80,0,0,Yes,Govt_job,Rural,114.57,33.6,formerly smoked,0
2114,Female,61,1,1,Yes,Self-employed,Rural,89.33,20.1,Unknown,0
2115,Female,57,1,0,Yes,Private,Urban,87.52,27.4,Unknown,0
2116,Male,52,1,0,Yes,children,Rural,218.92,42.3,formerly smoked,0
2117,Female,43,0,0,Yes,Private,Urban,148.83,25.2,Unknown,0
2118,Male,69,1,0,Yes,children,Rural,66.78,24.1,Unknown,0
2119,Male,50,0,0,Yes,Private,Rural,101.64,29.6,formerly smoked,0
2120,Female,18,0,0,No,Private,Rural,98.82,25.5,never smoked,0
2121,Female,27,1,0,No,Private,Rural,215.86,23.3,smokes,0
2122,Female,44,0,0,Yes,Private,Rural,92.07,25.4,never smoked,0
2123,Female,53,0,0,Yes,Private,Rural,112.99,37.8,formerly smoked,0
2124,Female,46,0,0,No,Private,Rural,103.08,27.6,smokes,0
2125,Female,69,0,0,Yes,Private,Urban,80.89,19.9,smokes,1
2126,Male,18,0,0,No,Private,Rural,81.16,18.7,smokes,0
2127,Male,50,0,0,Yes,Private,Rural,76.8,42.8,smokes,0
2128,Male,18,1,0,No,Govt_job,Urban,98.27,27.0,never smoked,0
2129,Male,61,0,0,Yes,Private,Urban,75.0,31.3,never smoked,0
2130,Female,46,0,0,Yes,children,Urban,106.25,23.5,smokes,0
2131,Female,55,0,1,Yes,Self-employed,Urban,109.84,30.6,formerly smoked,1
2132,Male,32,0,0,Yes,Self-employed,Urban,190.54,38.0,Unknown,0
2133,Male,71,0,0,Yes,Self-employed,Urban,87.22,24.3,never smoked,1
2134,Female,66,1,1,Yes,Private,Urban,255.54,31.5,never smoked,1
2135,Male,58,1,1,No,Self-employed,Rural,103.26,19.4,smokes,1
2136,Female,45,1,0,No,Private,Urban,114.14,41.6,formerly smoked,0
2137,Female,58,1,1,Yes,Govt_job,Rural,64.72,30.2,never smoked,1
2138,Female,35,1,0,Yes,Govt_job,Rural,85.23,25.8,formerly smoked,0
2139,Female,63,0,0,Yes,Private,Rural,86.01,26.6,never smoked,0
2140,Female,77,1,0,No,Govt_job,Rural,68.99,25.2,never smoked,0
2141,Male,67,0,0,Yes,Private,Urban,177.51,25.5,never smoked,0
2142,Female,34,0,0,No,Private,Rural,96.42,14.0,smokes,0
2143,Female,54,0,0,Yes,Private,Rural,85.82,27.9,Unknown,0
2144,Male,24,0,1,No,Govt_job,Urban,228.16,27.6,never smoked,0
2145,Female,58,0,1,No,Govt_job,Urban,133.11,31.7,never smoked,0
2146,Female,56,1,1,Yes,Govt_job,Urban,93.99,25.1,Unknown,0
2147,Female,18,0,0,No,Private,Urban,91.68,23.5,Unknown,0
2148,Female,27,0,1,No,Private,Urban,73.53,28.4,never smoked,0
2149,Female,42,0,0,Yes,Self-employed,Rural,93.91,18.0,formerly smoked,0
2150,Female,42,0,0,Yes,Private,Rural,87.54,29.4,never smoked,0
2151,Female,26,0,0,No,Self-employed,Rural,61.67,16.4,never smoked,0
2152,Female,55,0,1,Yes,Private,Rural,73.95,35.8,smokes,0
2153,Female,52,0,0,No,Private,Rural,101.92,32.9,Unknown,0
2154,Female,44,0,0,No,Private,Rural,119.16,22.5,smokes,0
2155,Female,34,0,0,Yes,Self-employed,Rural,95.51,32.8,Unknown,0
2156,Male,66,1,0,Yes,Private,Urban,106.55,29.2,formerly smoked,0
2157,Female,77,0,0,Yes,Private,Rural,225.94,21.9,Unknown,1
2158,Female,39,0,0,Yes,Private,Rural,88.7,15.4,never smoked,0
2159,Male,36,0,0,Yes,Private,Urban,106.36,30.6,never smoked,0
2160,Female,56,1,0,No,Private,Rural,114.94,23.3,Unknown,0
2161,Male,41,0,0,No,Private,Rural,177.29,35.6,never smoked,0
2162,Male,45,0,0,Yes,Self-employed,Rural,74.0,28.6,never smoked,0
2163,Female,61,1,0,Yes,Private,Urban,89.0,24.0,smokes,0
2164,Male,18,0,0,No,Govt_job,Rural,94.16,40.2,never smoked,0
2165,Female,71,0,0,Yes,Self-employed,Urban,165.53,32.2,smokes,0
2166,Female,49,0,0,Yes,Private,Urban,95.82,14.0,never smoked,0
2167,Female,40,1,0,Yes,Private,Urban,102.31,25.3,Unknown,0
2168,Male,46,1,0,No,children,Rural,105.04,19.5,never smoked,0
2169,Male,47,0,0,Yes,Private,Rural,115.29,,formerly smoked,0
2170,Female,18,0,0,No,Private,Urban,85.06,,never smoked,0
2171,Female,74,0,1,Yes,Private,Rural,178.96,30.8,Unknown,1
2172,Female,48,1,0,Yes,Self-employed,Urban,95.37,30.2,smokes,0
2173,Male,55,1,0,No,Self-employed,Urban,118.26,35.5,never smoked,0
2174,Female,65,0,0,No,children,Rural,82.85,32.6,never smoked,0
2175,Female,29,0,1,Yes,children,Urban,100.3,32.2,never smoked,0
2176,Female,56,0,0,Yes,Private,Rural,100.44,29.8,smokes,1
2177,Male,43,0,0,No,Private,Urban,92.87,36.9,formerly smoked,0
2178,Female,63,0,0,Yes,Private,Urban,90.1,26.4,never smoked,0
2179,Female,18,0,0,No,Private,Rural,76.15,26.6,smokes,0
2180,Female,46,1,0,Yes,Private,Rural,55.78,16.1,Unknown,0
2181,Male,37,0,0,No,Private,Urban,200.84,35.4,never smoked,0
2182,Female,55,0,0,No,Private,Rural,84.15,28.0,formerly smoked,0
2183,Female,56,1,0,No,Private,Rural,203.41,47.6,smokes,1
2184,Male,35,1,0,Yes,Private,Rural,88.45,25.9,smokes,0
2185,Female,35,0,0,Yes,children,Urban,82.21,29.1,never smoked,0
2186,Female,46,0,0,Yes,Self-employed,Rural,76.64,32.1,never smoked,0
2187,Male,31,0,1,No,children,Rural,99.85,21.3,never smoked,0
2188,Male,63,0,0,Yes,Private,Urban,110.38,30.8,smokes,0
2189,Female,41,1,0,Yes,Private,Rural,142.76,,smokes,0
2190,Male,18,1,0,No,Private,Rural,224.13,,never smoked,0
2191,Female,41,0,0,Yes,Private,Rural,67.87,36.1,never smoked,0
2192,Male,29,0,0,No,Private,Rural,223.88,22.6,never smoked,0
2193,Female,18,0,0,No,children,Rural,119.21,30.3,Unknown,0
2194,Male,25,1,0,No,children,Rural,158.04,38.0,never smoked,0
2195,Female,49,0,1,Yes,Private,Rural,66.94,23.9,formerly smoked,0
2196,Female,71,0,0,No,Private,Rural,222.86,26.6,Unknown,1
2197,Female,53,0,1,No,Private,Rural,95.45,,Unknown,0
2198,Female,37,0,0,Yes,Private,Urban,216.62,31.6,smokes,0
2199,Male,56,0,1,No,Private,Urban,55.36,25.2,never smoked,0
2200,Female,39,0,0,Yes,Private,Rural,91.48,33.7,Unknown,0
2201,Male,35,1,0,No,Private,Urban,78.18,24.8,Unknown,0
2202,Male,27,1,1,No,Private,Rural,188.29,18.3,Unknown,0
2203,Male,18,0,0,No,Private,Rural,84.68,,never smoked,0
2204,Female,40,0,0,Yes,Private,Rural,87.99,21.3,never smoked,0
2205,Female,50,0,0,Yes,Private,Rural,89.86,44.4,smokes,0
2206,Female,46,0,0,Yes,children,Rural,190.02,25.3,Unknown,0
2207,Female,40,0,0,Yes,Private,Urban,86.7,42.4,Unknown,0
2208,Male,30,1,1,No,children,Rural,63.64,19.6,Unknown,0
2209,Female,58,0,0,No,Govt_job,Urban,192.92,35.2,formerly smoked,1
2210,Female,24,0,0,No,children,Urban,55.0,31.7,never smoked,0
2211,Female,61,1,1,Yes,Govt_job,Urban,85.66,33.9,smokes,1
2212,Male,29,1,0,No,Self-employed,Urban,103.79,,Unknown,0
2213,Female,34,0,0,No,Govt_job,Urban,229.95,25.3,smokes,0
2214,Female,21,0,0,No,Private,Urban,100.75,20.0,Unknown,0
2215,Male,38,0,0,Yes,Private,Rural,107.34,28.2,never smoked,0
2216,Male,65,0,0,Yes,children,Rural,231.21,29.9,never smoked,0
2217,Female,57,0,0,Yes,Govt_job,Urban,87.73,25.4,Unknown,0
2218,Female,65,0,0,Yes,children,Urban,199.18,30.3,never smoked,0
2219,Male,57,1,0,Yes,Govt_job,Rural,88.23,30.6,smokes,0
2220,Female,28,0,0,No,children,Rural,89.89,22.6,Unknown,0
2221,Male,42,0,0,Yes,Self-employed,Rural,55.0,31.1,never smoked,0
2222,Female,33,0,0,Yes,Govt_job,Urban,118.87,26.8,Unknown,0
2223,Female,71,0,1,Yes,Private,Rural,94.29,24.0,never smoked,0
2224,Male,26,1,0,No,children,Rural,77.26,33.6,Unknown,0
2225,Female,64,0,0,No,Govt_job,Rural,212.07,23.4,never smoked,0
2226,Male,64,0,0,No,Govt_job,Urban,63.07,25.5,smokes,0
2227,Male,80,0,0,Yes,Self-employed,Urban,189.74,29.0,smokes,1
2228,Female,40,0,1,Yes,Private,Urban,55.51,37.4,formerly smoked,1
2229,Male,60,0,0,No,Private,Urban,117.02,29.8,smokes,0
2230,Female,89,1,0,Yes,children,Urban,206.1,31.9,Unknown,1
2231,Male,36,0,0,Yes,Self-employed,Rural,99.89,26.6,Unknown,0
2232,Male,20,0,0,No,Private,Rural,175.22,28.0,Unknown,0
2233,Male,18,0,0,No,Private,Rural,98.61,28.2,formerly smoked,0
2234,Female,60,1,0,Yes,Govt_job,Rural,91.17,30.4,formerly smoked,1
2235,Male,18,1,1,No,Govt_job,Urban,94.06,26.6,never smoked,0
2236,Female,41,0,1,Yes,Govt_job,Rural,91.61,37.2,Unknown,0
2237,Female,55,0,0,Yes,Self-employed,Rural,80.87,26.1,never smoked,0
2238,Female,51,0,0,Yes,Private,Urban,89.3,17.4,never smoked,0
2239,Male,55,0,0,Yes,Private,Urban,94.1,46.3,never smoked,0
2240,Female,52,0,1,Yes,Private,Rural,91.66,26.4,formerly smoked,0
2241,Female,71,1,1,Yes,Govt_job,Rural,202.67,37.0,Unknown,1
2242,Female,30,1,0,Yes,Private,Urban,207.86,37.6,never smoked,0
2243,Female,35,0,0,Yes,Self-employed,Rural,106.24,34.6,Unknown,0
2244,Female,34,0,0,Yes,Private,Rural,85.4,27.2,formerly smoked,0
2245,Female,62,1,0,Yes,Private,Rural,98.77,30.4,Unknown,0
2246,Male,64,1,0,Yes,children,Urban,73.62,20.2,formerly smoked,0
2247,Male,56,0,0,No,Private,Urban,67.9,41.4,never smoked,0
2248,Female,69,0,0,Yes,Govt_job,Rural,222.81,23.0,formerly smoked,1
2249,Female,26,0,0,No,Private,Rural,86.66,26.8,formerly smoked,0
2250,Female,78,0,0,Yes,Private,Urban,80.02,29.1,never smoked,0
2251,Female,75,0,0,No,Private,Urban,174.93,27.8,never smoked,0
2252,Male,61,0,0,Yes,Private,Urban,92.69,24.2,never smoked,0
2253,Male,80,1,0,Yes,Govt_job,Urban,237.79,37.6,never smoked,1
2254,Female,18,0,0,No,Private,Rural,96.07,34.7,smokes,0
2255,Female,38,0,0,No,Private,Rural,55.0,30.6,formerly smoked,0
2256,Male,34,0,0,No,Private,Urban,176.99,25.9,Unknown,0
2257,Female,60,1,0,Yes,Self-employed,Urban,67.36,35.4,Unknown,0
2258,Male,29,1,0,Yes,Govt_job,Rural,93.46,25.5,never smoked,0
2259,Female,61,0,0,Yes,Private,Urban,78.38,38.7,formerly smoked,0
2260,Male,72,0,0,No,Private,Rural,235.35,29.2,never smoked,0
2261,Female,60,1,0,Yes,Govt_job,Rural,111.59,36.5,formerly smoked,0
2262,Male,53,0,0,Yes,Self-employed,Rural,78.87,27.8,Unknown,0
2263,Female,30,0,0,No,Private,Urban,88.09,29.0,never smoked,0
2264,Male,32,0,0,No,Self-employed,Urban,93.67,36.5,never smoked,0
2265,Male,70,0,0,No,Self-employed,Urban,102.95,42.8,never smoked,0
2266,Male,62,0,0,No,Govt_job,Urban,90.44,38.6,Unknown,0
2267,Female,47,1,0,No,Self-employed,Urban,74.63,34.2,smokes,0
2268,Female,40,0,0,Yes,children,Rural,79.24,32.3,Unknown,0
2269,Male,18,0,0,No,Private,Rural,89.93,25.2,Unknown,0
2270,Female,28,1,1,No,children,Rural,108.52,30.4,never smoked,0
2271,Female,82,0,0,Yes,Private,Urban,96.42,22.6,never smoked,0
2272,Female,24,0,0,No,Self-employed,Rural,78.4,30.9,formerly smoked,0
2273,Male,51,0,0,No,Private,Rural,99.73,31.4,formerly smoked,0
2274,Female,66,0,1,Yes,Private,Urban,136.02,15.8,formerly smoked,0
2275,Male,25,0,0,No,Govt_job,Rural,103.36,28.8,never smoked,0
2276,Male,51,0,0,Yes,Self-employed,Urban,127.91,31.2,never smoked,0
2277,Female,64,0,1,Yes,Private,Urban,84.62,28.0,never smoked,0
2278,Male,48,0,0,Yes,Private,Urban,215.68,30.8,Unknown,0
2279,Female,90,1,1,Yes,Private,Rural,78.82,19.8,Unknown,1
2280,Female,18,0,0,No,Never_worked,Rural,88.32,23.5,never smoked,0
2281,Female,67,0,0,Yes,children,Urban,90.44,35.2,never smoked,0
2282,Female,44,0,0,Yes,Private,Urban,246.29,28.5,never smoked,1
2283,Male,61,0,0,Yes,Govt_job,Urban,126.95,,Unknown,0
2284,Male,55,1,0,Yes,children,Urban,183.86,24.9,Unknown,1
2285,Female,34,0,0,Yes,Private,Urban,98.8,28.6,never smoked,0
2286,Male,52,0,0,No,Self-employed,Urban,61.05,14.0,never smoked,0
2287,Male,18,0,0,No,Private,Urban,96.48,34.0,never smoked,0
2288,Male,58,0,0,Yes,Self-employed,Rural,107.13,40.3,formerly smoked,0
2289,Male,53,0,0,Yes,Private,Rural,82.09,21.6,smokes,0
2290,Male,59,1,0,Yes,Private,Rural,279.66,22.4,formerly smoked,1
2291,Male,67,1,0,Yes,Private,Urban,89.42,31.4,Unknown,0
2292,Female,54,0,0,Yes,Private,Urban,90.26,,never smoked,0
2293,Female,50,0,0,No,Govt_job,Urban,100.86,28.5,Unknown,0
2294,Female,32,0,0,No,Private,Urban,120.16,20.5,never smoked,0
2295,Male,35,0,0,No,Private,Urban,197.24,27.1,never smoked,0
2296,Male,69,0,1,Yes,children,Rural,77.16,21.8,Unknown,1
2297,Male,73,0,0,Yes,Private,Rural,72.5,24.2,Unknown,0
2298,Female,43,1,0,Yes,Private,Urban,92.97,26.5,Unknown,0
2299,Female,48,0,0,Yes,children,Urban,97.19,22.5,Unknown,0
2300,Male,31,0,0,No,children,Rural,248.52,23.4,Unknown,0
2301,Female,69,0,0,Yes,Private,Urban,194.87,29.0,never smoked,0
2302,Male,59,0,0,Yes,Private,Rural,96.98,29.9,Unknown,0
2303,Female,82,0,0,Yes,children,Rural,90.65,19.2,Unknown,1
2304,Female,32,0,0,No,Private,Rural,212.29,31.1,formerly smoked,0
2305,Female,41,0,0,No,Private,Urban,82.77,26.0,formerly smoked,0
2306,Female,52,0,0,Yes,Private,Urban,55.0,33.2,Unknown,0
2307,Female,59,0,1,No,Private,Urban,93.54,33.6,Unknown,0
2308,Male,44,0,0,Yes,Govt_job,Rural,90.4,,never smoked,0
2309,Female,32,1,0,No,Govt_job,Rural,210.42,32.5,Unknown,0
2310,Male,63,0,0,No,children,Rural,97.56,23.1,Unknown,0
2311,Female,60,0,0,No,Govt_job,Rural,199.56,37.1,never smoked,0
2312,Female,31,1,0,Yes,Private,Rural,88.34,23.3,Unknown,0
2313,Female,72,0,0,Yes,Private,Rural,90.73,30.8,never smoked,1
2314,Female,69,0,1,Yes,children,Rural,196.51,27.3,never smoked,1
2315,Female,50,0,1,Yes,Private,Rural,232.87,21.9,smokes,1
2316,Female,49,1,1,No,Private,Rural,90.76,34.4,Unknown,0
2317,Female,57,0,1,Yes,children,Urban,78.96,24.5,never smoked,0
2318,Male,32,0,0,Yes,Self-employed,Rural,247.41,17.4,Unknown,1
2319,Male,48,0,0,No,Private,Urban,80.12,14.0,formerly smoked,0
2320,Male,18,0,0,No,children,Urban,93.24,22.8,Unknown,0
2321,Male,63,0,0,Yes,Never_worked,Rural,91.75,37.4,Unknown,0
2322,Female,19,0,0,No,Private,Rural,101.19,36.7,Unknown,0
2323,Male,75,0,0,Yes,children,Rural,219.5,23.8,Unknown,0
2324,Female,42,0,1,Yes,Private,Urban,100.41,26.1,Unknown,0
2325,Male,44,0,0,No,Private,Rural,58.41,25.5,never smoked,0
2326,Male,36,0,1,Yes,children,Urban,107.91,19.8,never smoked,1
2327,Female,42,1,1,No,children,Rural,112.91,22.3,never smoked,0
2328,Female,73,1,0,Yes,Private,Urban,82.77,34.9,Unknown,0
2329,Female,18,0,0,No,Private,Rural,93.55,31.8,never smoked,0
2330,Female,70,0,0,Yes,Private,Rural,76.64,30.3,never smoked,0
2331,Female,54,0,0,Yes,Private,Urban,60.77,19.8,Unknown,0
2332,Male,26,1,0,No,Private,Rural,186.37,29.2,Unknown,0
2333,Female,28,0,0,No,Private,Rural,81.9,14.0,Unknown,0
2334,Female,78,1,1,Yes,Private,Urban,84.68,34.0,never smoked,1
2335,Female,30,0,0,Yes,Private,Urban,75.62,30.2,formerly smoked,0
2336,Male,27,0,0,No,Private,Urban,79.0,19.8,never smoked,0
2337,Female,68,0,0,Yes,Govt_job,Urban,235.65,39.0,never smoked,0
2338,Male,54,0,0,No,Private,Rural,78.45,16.8,never smoked,0
2339,Male,31,0,0,No,Private,Rural,232.49,31.9,never smoked,0
2340,Male,51,1,0,Yes,children,Urban,100.22,32.1,never smoked,0
2341,Female,29,0,0,Yes,Govt_job,Urban,125.71,20.4,smokes,0
2342,Female,67,0,0,No,Private,Rural,106.89,28.3,formerly smoked,0
2343,Female,67,0,0,Yes,Private,Urban,93.65,17.9,never smoked,0
2344,Female,57,1,0,No,Self-employed,Urban,219.66,14.0,Unknown,0
2345,Female,54,0,0,Yes,Private,Urban,94.41,21.6,Unknown,0
2346,Male,79,1,0,No,Govt_job,Rural,94.9,24.5,Unknown,1
2347,Male,47,1,0,Yes,Private,Rural,82.3,,formerly smoked,0
2348,Female,26,0,1,No,Private,Rural,186.74,28.9,Unknown,0
2349,Male,56,0,0,Yes,Private,Urban,185.16,29.1,Unknown,0
2350,Female,85,0,0,Yes,Govt_job,Rural,86.33,21.9,smokes,1
2351,Female,29,0,0,Yes,children,Rural,98.34,25.1,formerly smoked,0
2352,Female,41,1,0,Yes,Private,Rural,85.69,22.5,never smoked,0
2353,Female,55,1,1,No,Private,Urban,86.9,20.5,Unknown,0
2354,Female,47,0,0,Yes,Private,Rural,87.93,24.6,smokes,0
2355,Female,30,0,0,No,Private,Rural,77.47,29.0,Unknown,0
2356,Female,68,0,0,Yes,children,Urban,175.35,24.8,smokes,0
2357,Female,89,0,0,No,Private,Urban,150.96,26.4,Unknown,0
2358,Male,51,0,0,Yes,children,Rural,94.77,33.0,Unknown,0
2359,Female,31,0,0,No,Self-employed,Rural,96.2,25.2,Unknown,0
2360,Female,20,0,0,No,children,Rural,201.33,19.8,never smoked,0
2361,Male,52,1,0,Yes,Govt_job,Rural,91.1,32.2,never smoked,0
2362,Female,67,0,0,No,Private,Rural,76.36,30.2,Unknown,0
2363,Female,56,0,0,No,Private,Urban,153.77,30.6,Unknown,0
2364,Female,47,0,0,Yes,Private,Urban,72.92,32.6,never smoked,0
2365,Male,37,1,0,Yes,Private,Rural,80.19,31.5,Unknown,0
2366,Female,28,0,0,No,Private,Urban,71.64,28.7,smokes,0
2367,Female,63,0,0,No,Private,Urban,69.63,44.0,never smoked,0
2368,Male,64,0,0,Yes,children,Rural,113.87,20.1,formerly smoked,0
2369,Male,20,0,0,No,Private,Rural,98.14,24.7,Unknown,0
2370,Female,76,0,0,Yes,Govt_job,Urban,92.1,34.8,formerly smoked,0
2371,Male,58,1,0,Yes,children,Urban,208.7,29.4,Unknown,1
2372,Female,73,1,1,No,children,Urban,103.61,33.4,never smoked,0
2373,Female,23,0,0,No,Private,Urban,77.64,29.6,Unknown,0
2374,Male,23,0,0,No,Private,Rural,101.9,37.4,Unknown,0
2375,Female,45,0,0,Yes,Private,Urban,76.91,22.0,formerly smoked,0
2376,Female,57,0,1,Yes,Private,Rural,189.88,37.2,never smoked,1
2377,Female,80,1,0,Yes,Private,Rural,101.37,36.1,smokes,0
2378,Male,60,0,1,Yes,Govt_job,Rural,102.96,,Unknown,0
2379,Female,43,0,1,Yes,Private,Urban,98.96,32.6,never smoked,0
2380,Male,29,0,0,Yes,Private,Rural,74.25,28.2,formerly smoked,0
2381,Male,70,0,1,Yes,children,Urban,83.3,24.6,never smoked,0
2382,Female,30,0,0,No,Private,Urban,92.35,16.2,formerly smoked,0
2383,Male,77,0,1,Yes,Private,Rural,77.26,21.9,formerly smoked,1
2384,Female,42,0,0,No,Govt_job,Urban,172.47,33.1,Unknown,0
2385,Male,76,1,0,Yes,Private,Rural,221.86,33.8,formerly smoked,1
2386,Female,60,0,0,Yes,Self-employed,Urban,220.12,27.1,smokes,1
2387,Male,45,0,0,No,Private,Urban,216.71,33.8,Unknown,0
2388,Female,38,0,0,Yes,children,Rural,55.0,34.6,never smoked,0
2389,Female,41,0,0,Yes,Private,Rural,222.31,29.5,smokes,0
2390,Male,55,1,0,Yes,Private,Urban,99.38,23.8,Unknown,1
2391,Male,49,0,0,Yes,Self-employed,Rural,90.45,31.4,never smoked,0
2392,Male,37,0,0,No,Private,Urban,113.6,31.7,never smoked,0
2393,Female,45,0,0,Yes,Private,Rural,113.18,32.9,formerly smoked,0
2394,Male,49,1,0,Yes,Private,Urban,96.5,34.1,never smoked,0
2395,Female,18,0,0,No,Private,Rural,94.7,19.6,never smoked,0
2396,Female,56,0,0,Yes,Private,Rural,90.99,25.2,Unknown,0
2397,Male,30,0,0,No,Self-employed,Rural,55.0,,formerly smoked,0
2398,Female,27,0,0,No,Private,Rural,69.08,33.4,Unknown,0
2399,Female,18,0,1,No,Self-employed,Urban,91.51,27.1,never smoked,0
2400,Male,18,0,0,No,Private,Rural,192.83,31.3,Unknown,0
2401,Male,23,0,1,No,Private,Urban,94.35,18.9,Unknown,0
2402,Male,35,1,0,Yes,Govt_job,Urban,173.97,37.6,Unknown,0
2403,Female,83,0,0,No,Govt_job,Urban,209.61,20.7,formerly smoked,0
2404,Female,38,0,0,Yes,Private,Rural,112.24,33.5,formerly smoked,1
2405,Female,51,0,0,Yes,Private,Urban,104.07,29.3,smokes,0
2406,Female,55,1,0,No,Private,Urban,104.84,27.3,Unknown,0
2407,Female,50,0,0,Yes,Private,Rural,179.88,26.7,Unknown,0
2408,Female,46,1,0,Yes,Self-employed,Rural,106.14,24.4,never smoked,0
2409,Female,26,1,0,No,Private,Urban,92.19,36.9,Unknown,0
2410,Male,74,1,1,No,Self-employed,Urban,97.67,28.6,Unknown,0
2411,Male,80,0,0,No,Private,Rural,200.82,20.3,smokes,1
2412,Male,18,0,0,No,Private,Rural,88.18,26.0,never smoked,0
2413,Male,29,0,0,Yes,Govt_job,Urban,261.84,29.3,Unknown,0
2414,Female,42,0,0,No,Private,Rural,88.77,34.3,formerly smoked,0
2415,Female,30,0,0,Yes,Private,Rural,104.8,24.6,Unknown,0
2416,Male,57,0,0,Yes,children,Rural,83.38,25.0,Unknown,0
2417,Male,34,0,1,No,children,Rural,222.74,28.7,never smoked,0
2418,Female,86,0,0,No,Govt_job,Rural,101.06,34.2,smokes,1
2419,Female,69,0,1,Yes,Private,Rural,190.17,19.6,formerly smoked,1
2420,Male,51,0,0,Yes,Private,Urban,255.72,31.8,Unknown,1
2421,Female,66,0,0,Yes,children,Rural,192.01,25.5,never smoked,1
2422,Male,67,0,0,Yes,Private,Rural,112.64,26.4,never smoked,0
2423,Male,37,0,0,No,Govt_job,Urban,96.51,41.5,Unknown,0
2424,Female,33,0,0,Yes,Private,Rural,89.76,27.2,never smoked,0
2425,Female,49,0,0,No,Private,Urban,219.65,,smokes,1
2426,Male,63,0,0,Yes,children,Urban,124.56,33.2,never smoked,0
2427,Female,50,0,0,Yes,Private,Urban,194.83,20.8,smokes,0
2428,Female,19,0,0,No,Private,Rural,71.13,16.5,smokes,0
2429,Female,33,0,0,No,Private,Rural,86.74,33.8,formerly smoked,0
2430,Female,46,0,0,Yes,Private,Urban,140.05,21.5,Unknown,0
2431,Female,46,0,0,Yes,Private,Rural,98.79,17.7,never smoked,0
2432,Female,83,0,0,Yes,Private,Urban,190.92,35.2,formerly smoked,0
2433,Female,23,0,0,No,Private,Rural,71.6,21.9,formerly smoked,0
2434,Male,57,0,1,Yes,Govt_job,Rural,115.68,23.5,smokes,0
2435,Male,74,0,1,Yes,Private,Rural,192.57,41.3,formerly smoked,1
2436,Male,88,1,0,Yes,children,Rural,75.37,17.7,never smoked,1
2437,Female,40,0,0,Yes,Private,Urban,101.37,20.3,Unknown,0
2438,Male,56,0,0,Yes,Self-employed,Rural,125.36,25.5,formerly smoked,0
2439,Female,58,0,0,Yes,Private,Rural,88.77,,never smoked,0
2440,Female,51,0,0,Yes,Govt_job,Urban,176.99,22.7,formerly smoked,0
2441,Male,46,1,0,Yes,Never_worked,Rural,225.49,21.0,never smoked,0
2442,Female,55,0,0,Yes,Govt_job,Rural,100.86,38.3,never smoked,0
2443,Female,18,0,0,No,Private,Urban,85.71,30.2,never smoked,0
2444,Female,60,0,0,Yes,Private,Rural,68.45,32.3,never smoked,0
2445,Male,50,0,0,Yes,Govt_job,Rural,98.27,27.6,never smoked,1
2446,Female,43,1,0,Yes,children,Rural,71.92,30.4,formerly smoked,0
2447,Female,84,0,0,No,children,Urban,247.38,34.6,smokes,1
2448,Female,35,0,0,Yes,Private,Urban,107.89,22.0,smokes,0
2449,Female,40,1,0,Yes,Never_worked,Urban,72.05,30.2,never smoked,0
2450,Female,83,0,0,Yes,Private,Rural,55.25,33.0,Unknown,0
2451,Female,33,0,0,Yes,Private,Rural,99.34,38.5,Unknown,0
2452,Female,38,1,0,No,Private,Rural,85.44,41.2,Unknown,0
2453,Female,45,0,0,No,Private,Urban,155.21,29.0,never smoked,0
2454,Male,63,0,0,Yes,Govt_job,Urban,85.28,35.9,smokes,0
2455,Female,51,0,0,No,Govt_job,Rural,93.48,14.0,never smoked,0
2456,Female,24,0,0,No,Govt_job,Rural,78.71,38.6,Unknown,0
2457,Female,38,0,0,Yes,Self-employed,Rural,112.14,23.8,never smoked,0
2458,Male,37,1,0,Yes,Private,Rural,67.86,26.9,never smoked,0
2459,Female,46,0,0,Yes,Self-employed,Rural,168.66,31.4,formerly smoked,0
2460,Male,55,0,0,Yes,Private,Rural,99.63,27.5,smokes,0
2461,Female,55,1,0,Yes,Govt_job,Rural,78.61,29.8,smokes,0
2462,Male,18,0,0,No,Self-employed,Urban,74.64,38.8,never smoked,0
2463,Female,67,0,0,No,Self-employed,Rural,105.26,26.0,formerly smoked,0
2464,Female,52,0,1,No,Private,Rural,75.14,21.4,Unknown,0
2465,Male,72,1,1,Yes,children,Urban,80.9,40.3,Unknown,0
2466,Female,55,1,0,Yes,Private,Urban,103.31,31.9,smokes,1
2467,Male,67,0,1,No,Private,Urban,90.52,41.0,smokes,0
2468,Female,56,0,0,No,Govt_job,Rural,63.04,34.1,never smoked,0
2469,Female,72,0,0,No,Private,Urban,116.21,19.9,never smoked,0
2470,Female,57,1,0,Yes,children,Urban,82.05,32.7,never smoked,0
2471,Female,46,0,0,Yes,Private,Rural,203.81,22.1,formerly smoked,1
2472,Female,88,0,0,Yes,Private,Urban,93.84,28.5,Unknown,1
2473,Male,64,1,1,No,children,Rural,172.43,,formerly smoked,1
2474,Male,58,0,0,Yes,Private,Urban,119.42,18.0,never smoked,0
2475,Female,25,0,0,No,Private,Rural,65.1,23.2,formerly smoked,0
2476,Female,24,0,0,No,Private,Urban,102.39,42.8,never smoked,0
2477,Female,53,0,1,No,Private,Urban,159.54,30.0,Unknown,1
2478,Female,50,0,0,Yes,Self-employed,Urban,87.94,,never smoked,0
2479,Female,36,1,0,Yes,Private,Rural,101.81,,formerly smoked,0
2480,Female,50,0,0,Yes,children,Rural,104.01,25.9,smokes,0
2481,Male,76,0,0,Yes,Govt_job,Urban,69.27,27.9,never smoked,0
2482,Female,60,0,0,Yes,Private,Rural,116.25,34.9,never smoked,0
2483,Male,27,0,0,No,Self-employed,Urban,66.62,25.9,smokes,0
2484,Male,45,0,0,Yes,Self-employed,Rural,72.97,23.6,never smoked,0
2485,Male,33,0,0,Yes,Private,Rural,86.07,14.0,smokes,0
2486,Male,41,1,1,No,Private,Rural,118.87,22.4,Unknown,0
2487,Female,40,0,0,Yes,Private,Rural,85.38,22.4,never smoked,0
2488,Male,39,0,0,Yes,Self-employed,Rural,89.52,29.5,formerly smoked,0
2489,Female,25,0,0,No,Self-employed,Rural,111.48,24.5,Unknown,0
2490,Male,45,1,0,Yes,Private,Rural,85.5,42.5,formerly smoked,0
2491,Male,37,0,0,No,Govt_job,Rural,72.32,21.6,Unknown,0
2492,Male,18,0,0,No,Govt_job,Rural,83.74,37.6,never smoked,0
2493,Male,84,0,0,Yes,Self-employed,Rural,110.56,29.9,Unknown,0
2494,Female,67,1,0,Yes,Govt_job,Rural,91.06,33.7,smokes,0
2495,Female,41,0,0,Yes,Private,Rural,118.96,33.3,Unknown,0
2496,Female,48,0,0,Yes,children,Rural,101.07,14.1,never smoked,0
2497,Female,26,0,0,No,Self-employed,Urban,80.33,28.4,never smoked,0
2498,Male,78,0,0,Yes,Govt_job,Urban,90.77,26.8,never smoked,0
2499,Female,82,0,0,Yes,Private,Urban,77.2,21.1,Unknown,0
2500,Female,50,1,0,Yes,Private,Urban,228.22,31.5,formerly smoked,0
2501,Female,66,0,0,Yes,Private,Urban,157.19,39.7,Unknown,1
2502,Male,51,1,0,Yes,Private,Rural,105.28,14.0,never smoked,0
2503,Male,23,1,0,No,Self-employed,Rural,102.92,25.0,never smoked,0
2504,Male,40,0,0,Yes,Private,Rural,80.65,20.4,never smoked,0
2505,Male,50,1,0,Yes,Govt_job,Urban,247.75,29.0,smokes,1
2506,Female,39,0,1,Yes,Self-employed,Rural,208.21,26.4,Unknown,0
2507,Female,44,0,0,Yes,Self-employed,Rural,170.3,24.6,formerly smoked,0
2508,Female,46,0,0,Yes,Private,Rural,187.76,33.0,Unknown,0
2509,Female,46,0,0,Yes,children,Urban,67.81,,never smoked,0
2510,Female,48,0,0,Yes,Govt_job,Rural,73.35,45.8,smokes,0
2511,Female,28,0,0,No,Govt_job,Rural,226.26,23.7,Unknown,0
2512,Female,35,0,0,Yes,Private,Rural,75.84,16.7,never smoked,0
2513,Male,24,0,0,No,Private,Rural,250.16,32.1,never smoked,0
2514,Male,65,1,0,Yes,Private,Rural,81.5,39.0,never smoked,0
2515,Male,18,0,0,No,Private,Rural,121.09,33.8,never smoked,0
2516,Female,68,1,0,No,Private,Rural,197.18,38.9,Unknown,1
2517,Female,72,0,0,No,Private,Rural,89.9,27.0,Unknown,0
2518,Male,42,0,0,Yes,Self-employed,Rural,119.33,24.5,Unknown,0
2519,Female,18,0,0,No,Private,Urban,112.32,29.3,Unknown,0
2520,Male,41,0,0,Yes,Private,Urban,83.24,26.4,never smoked,0
2521,Female,46,1,0,No,children,Urban,284.92,32.8,never smoked,1
2522,Male,29,0,0,Yes,Private,Urban,86.73,34.8,Unknown,0
2523,Male,38,0,0,No,Govt_job,Urban,80.33,35.3,smokes,0
2524,Female,75,0,0,Yes,Private,Urban,93.1,31.8,smokes,0
2525,Male,59,0,0,Yes,Private,Rural,202.4,30.1,Unknown,0
2526,Male,31,1,1,Yes,Private,Urban,90.95,33.7,formerly smoked,0
2527,Male,19,0,0,No,Govt_job,Urban,97.86,15.7,never smoked,0
2528,Female,42,0,0,Yes,Private,Rural,71.81,29.9,Unknown,0
2529,Female,44,0,0,Yes,children,Rural,175.03,28.8,formerly smoked,0
2530,Male,56,0,0,Yes,Private,Rural,217.75,29.9,Unknown,0
2531,Female,38,0,0,No,Private,Rural,93.0,27.9,formerly smoked,0
2532,Female,57,1,0,Yes,Self-employed,Urban,104.36,,never smoked,0
2533,Male,82,1,1,Yes,Private,Urban,134.64,24.8,never smoked,0
2534,Male,62,0,0,Yes,Govt_job,Urban,85.78,35.8,Unknown,1
2535,Male,47,1,0,Yes,Private,Urban,180.03,31.6,smokes,0
2536,Male,44,0,0,Yes,Private,Urban,82.29,29.5,formerly smoked,0
2537,Female,41,0,0,Yes,Govt_job,Rural,103.5,24.0,formerly smoked,0
2538,Male,69,0,0,Yes,children,Urban,79.19,33.8,formerly smoked,0
2539,Female,36,0,0,Yes,Private,Urban,187.6,29.8,never smoked,0
2540,Female,48,0,1,Yes,Govt_job,Urban,79.35,,never smoked,0
2541,Male,48,0,0,Yes,Private,Rural,106.38,28.1,never smoked,0
2542,Female,38,0,0,No,Govt_job,Urban,82.61,32.6,formerly smoked,1
2543,Male,23,0,0,No,Self-employed,Urban,159.02,32.1,formerly smoked,0
2544,Female,53,1,0,Yes,Private,Urban,119.64,31.7,never smoked,0
2545,Female,46,0,0,Yes,Private,Urban,88.88,29.1,formerly smoked,0
2546,Female,57,0,0,No,Private,Urban,106.68,35.2,formerly smoked,0
2547,Female,38,0,0,Yes,Private,Rural,115.07,36.5,never smoked,0
2548,Male,69,1,0,Yes,Private,Urban,105.41,33.3,Unknown,1
2549,Female,32,1,1,Yes,Self-employed,Rural,89.75,24.7,never smoked,0
2550,Female,78,0,1,Yes,Never_worked,Rural,99.63,21.6,smokes,1
2551,Female,18,0,0,No,Private,Rural,70.69,25.0,never smoked,0
2552,Female,55,0,0,Yes,Private,Urban,172.19,41.2,Unknown,0
2553,Female,56,0,0,No,Self-employed,Urban,221.09,,Unknown,1
2554,Male,33,1,0,Yes,children,Urban,123.61,42.3,formerly smoked,0
2555,Male,55,0,0,Yes,Private,Rural,210.24,27.7,Unknown,0
2556,Female,71,0,0,No,Private,Rural,77.59,26.8,never smoked,0
2557,Male,18,0,0,No,Private,Urban,74.34,28.0,never smoked,0
2558,Female,57,0,0,Yes,Private,Rural,98.4,27.9,never smoked,0
2559,Female,18,0,0,No,Private,Rural,92.14,23.5,never smoked,0
2560,Male,30,0,0,Yes,Private,Rural,106.3,21.0,formerly smoked,0
2561,Male,77,0,1,Yes,Private,Urban,100.07,31.8,never smoked,1
2562,Female,37,0,0,No,Private,Rural,69.29,35.4,formerly smoked,0
2563,Male,26,0,0,No,Private,Urban,77.89,44.4,Unknown,0
2564,Female,44,0,0,Yes,Private,Rural,110.48,25.7,never smoked,0
2565,Female,85,0,0,Yes,Private,Urban,86.95,26.2,never smoked,0
2566,Female,18,0,0,No,children,Urban,107.81,23.5,formerly smoked,0
2567,Male,29,0,0,Yes,children,Rural,87.75,35.8,formerly smoked,0
2568,Female,74,1,0,Yes,Private,Rural,75.49,33.8,never smoked,1
2569,Female,81,1,1,Yes,Private,Urban,85.45,22.8,never smoked,1
2570,Female,46,1,1,Yes,Self-employed,Urban,75.48,22.6,formerly smoked,0
2571,Male,25,0,0,No,Private,Rural,154.01,34.7,never smoked,0
2572,Female,85,0,0,Yes,Private,Rural,93.01,31.0,Unknown,1
2573,Female,76,0,0,Yes,Private,Rural,97.67,33.4,never smoked,0
2574,Male,60,1,0,No,children,Rural,246.53,22.8,never smoked,1
2575,Male,33,1,1,Yes,Govt_job,Urban,89.74,16.3,formerly smoked,0
2576,Male,47,1,1,Yes,Self-employed,Rural,81.2,22.8,Unknown,0
2577,Female,45,0,0,Yes,Private,Rural,80.27,33.0,smokes,0
2578,Female,53,1,0,Yes,children,Rural,91.99,42.2,never smoked,0
2579,Female,74,0,0,Yes,children,Urban,81.74,25.7,never smoked,0
2580,Male,63,0,0,Yes,children,Rural,110.73,43.3,formerly smoked,0
2581,Male,28,0,0,No,Private,Rural,107.82,33.9,never smoked,0
2582,Female,72,0,0,Yes,Private,Rural,107.73,19.4,smokes,0
2583,Female,53,0,0,Yes,Self-employed,Rural,82.58,29.9,smokes,0
2584,Female,60,0,0,Yes,Private,Rural,196.18,34.1,never smoked,0
2585,Male,74,0,0,No,Private,Rural,175.43,14.0,never smoked,0
2586,Female,27,0,0,No,Private,Urban,87.74,32.7,Unknown,0
2587,Male,47,1,0,No,children,Urban,80.87,36.1,smokes,0
2588,Female,38,0,0,Yes,children,Rural,72.36,31.1,Unknown,0
2589,Female,19,0,0,No,Private,Rural,89.38,28.1,never smoked,0
2590,Female,54,1,0,Yes,children,Urban,83.94,27.4,smokes,0
2591,Female,90,1,0,Yes,Self-employed,Rural,100.33,27.0,never smoked,0
2592,Male,18,0,0,No,Govt_job,Urban,183.24,,never smoked,0
2593,Male,47,0,0,No,Private,Urban,106.51,24.0,smokes,0
2594,Female,59,0,0,Yes,Private,Urban,71.11,25.8,Unknown,0
2595,Female,50,0,0,Yes,Private,Rural,96.02,29.2,never smoked,0
2596,Male,45,0,0,Yes,Private,Urban,79.09,24.9,Unknown,0
2597,Male,24,1,0,No,Private,Rural,71.69,22.9,smokes,0
2598,Male,52,0,0,Yes,Private,Rural,119.23,33.4,never smoked,0
2599,Female,34,0,1,No,Never_worked,Rural,106.03,30.9,Unknown,0
2600,Male,18,0,0,No,Private,Urban,181.19,25.0,formerly smoked,0
2601,Male,69,1,0,No,Private,Rural,113.48,31.8,smokes,1
2602,Male,65,0,0,No,Private,Urban,98.23,25.6,formerly smoked,0
2603,Male,48,1,1,Yes,Private,Urban,84.09,28.9,formerly smoked,0
2604,Male,52,0,0,No,Private,Rural,107.4,34.8,Unknown,0
2605,Female,67,0,0,Yes,Govt_job,Rural,96.68,24.6,never smoked,0
2606,Male,52,0,0,Yes,Private,Urban,76.01,20.9,never smoked,0
2607,Female,64,0,1,Yes,Self-employed,Rural,117.88,27.6,Unknown,0
2608,Male,42,0,0,Yes,Self-employed,Rural,176.41,19.6,Unknown,0
2609,Female,71,0,0,No,Private,Rural,90.28,26.7,never smoked,0
2610,Female,53,0,1,No,Self-employed,Rural,77.17,26.7,never smoked,0
2611,Female,51,0,0,Yes,children,Urban,107.69,14.0,smokes,0
2612,Female,25,0,1,No,Private,Rural,97.76,31.9,never smoked,0
2613,Male,53,0,1,Yes,Private,Urban,99.44,27.3,formerly smoked,0
2614,Male,33,0,0,No,children,Rural,82.39,36.2,never smoked,0
2615,Female,36,0,0,Yes,Private,Urban,102.51,29.9,smokes,0
2616,Female,33,0,0,Yes,Private,Urban,103.68,33.3,never smoked,0
2617,Female,28,0,0,No,children,Rural,226.63,36.2,smokes,1
2618,Female,86,0,1,Yes,Private,Urban,223.54,27.6,smokes,1
2619,Female,71,0,0,Yes,Private,Urban,98.72,28.5,formerly smoked,0
2620,Female,82,0,1,No,Govt_job,Urban,66.4,18.3,never smoked,0
2621,Male,25,1,0,No,children,Rural,92.28,,never smoked,0
2622,Female,49,0,0,No,Private,Rural,83.29,27.6,never smoked,0
2623,Female,24,0,0,No,Private,Urban,108.28,22.0,formerly smoked,0
2624,Male,35,0,0,Yes,Govt_job,Urban,84.11,33.3,smokes,0
2625,Female,31,1,0,Yes,Govt_job,Urban,106.61,14.3,never smoked,0
2626,Male,70,0,0,Yes,Private,Rural,216.17,25.7,Unknown,1
2627,Female,40,0,1,Yes,Private,Rural,105.0,34.4,Unknown,0
2628,Male,67,1,0,Yes,Private,Urban,120.91,25.7,formerly smoked,0
2629,Female,58,0,0,Yes,Govt_job,Urban,73.98,23.8,never smoked,0
2630,Female,89,0,0,Yes,children,Urban,135.04,25.8,Unknown,1
2631,Male,21,0,0,No,children,Urban,131.23,15.4,Unknown,0
2632,Female,70,0,0,Yes,children,Urban,91.0,33.2,Unknown,0
2633,Female,68,0,1,Yes,Self-employed,Rural,234.71,27.7,never smoked,0
2634,Female,30,0,0,Yes,Private,Urban,215.57,26.7,Unknown,0
2635,Male,66,0,0,No,Govt_job,Urban,211.64,26.8,never smoked,0
2636,Male,54,0,0,No,Govt_job,Rural,64.39,28.6,formerly smoked,0
2637,Male,43,0,0,Yes,Private,Urban,218.25,32.7,formerly smoked,0
2638,Female,33,1,0,Yes,Private,Rural,59.96,28.2,formerly smoked,0
2639,Female,35,1,0,Yes,children,Rural,83.75,19.6,smokes,0
2640,Female,84,1,0,Yes,Private,Urban,192.05,32.2,never smoked,0
2641,Female,48,0,0,Yes,Private,Rural,84.65,31.7,Unknown,0
2642,Female,62,0,0,No,Self-employed,Urban,79.59,29.8,smokes,1
2643,Female,33,0,0,Yes,Self-employed,Rural,103.19,35.5,Unknown,0
2644,Male,33,0,0,Yes,Private,Rural,77.23,28.7,never smoked,0
2645,Female,67,1,0,No,Govt_job,Rural,71.67,35.7,smokes,0
2646,Male,23,0,1,No,Private,Rural,94.12,37.6,formerly smoked,0
2647,Female,40,0,0,Yes,Private,Rural,87.26,32.3,formerly smoked,0
2648,Female,48,0,0,Yes,Private,Rural,71.34,23.6,Unknown,0
2649,Female,50,0,1,Yes,Govt_job,Rural,194.83,27.6,never smoked,0
2650,Male,44,0,0,No,children,Urban,96.97,36.6,never smoked,0
2651,Male,55,0,0,Yes,Govt_job,Rural,84.6,18.8,Unknown,0
2652,Male,60,0,0,Yes,children,Urban,150.8,26.0,formerly smoked,1
2653,Male,61,1,0,Yes,Private,Urban,97.06,26.3,never smoked,0
2654,Male,30,0,0,No,Private,Rural,107.86,22.9,formerly smoked,0
2655,Female,42,1,1,Yes,Private,Urban,85.76,,formerly smoked,1
2656,Female,69,1,1,Yes,Private,Urban,229.53,30.9,smokes,1
2657,Male,64,0,0,No,Govt_job,Rural,98.48,23.9,never smoked,0
2658,Male,23,0,1,No,Self-employed,Urban,103.19,32.4,smokes,0
2659,Female,54,0,0,Yes,children,Urban,90.59,27.5,smokes,0
2660,Female,18,1,0,No,Private,Rural,76.32,22.7,Unknown,0
2661,Female,48,0,0,Yes,Private,Rural,83.06,23.9,Unknown,0
2662,Female,82,0,0,Yes,Private,Rural,228.94,31.3,formerly smoked,1
2663,Female,30,0,0,Yes,Private,Urban,117.28,34.6,never smoked,0
2664,Female,32,0,1,Yes,Self-employed,Urban,82.74,25.3,never smoked,0
2665,Female,61,1,0,Yes,Private,Rural,192.0,32.0,never smoked,0
2666,Male,20,0,0,No,Private,Urban,85.08,38.8,never smoked,0
2667,Female,36,0,0,Yes,Private,Rural,91.66,20.3,Unknown,0
2668,Male,58,0,0,Yes,Private,Rural,206.44,30.8,Unknown,0
2669,Female,36,1,0,No,Private,Urban,101.46,33.9,formerly smoked,0
2670,Male,43,0,0,Yes,Private,Urban,71.38,27.9,never smoked,0
2671,Female,61,0,0,No,Private,Urban,81.41,36.5,never smoked,0
2672,Female,55,0,0,Yes,Private,Rural,190.28,42.8,Unknown,0
2673,Female,52,0,0,Yes,Private,Urban,92.13,30.7,Unknown,0
2674,Female,41,0,0,Yes,Private,Urban,208.9,27.0,never smoked,0
2675,Male,54,0,0,No,Private,Rural,197.18,34.9,smokes,1
2676,Male,45,0,0,No,Private,Rural,193.92,34.0,never smoked,0
2677,Male,56,1,0,Yes,Self-employed,Urban,205.36,14.0,never smoked,0
2678,Male,39,0,0,No,Self-employed,Rural,90.27,28.5,never smoked,0
2679,Female,44,0,0,Yes,Govt_job,Urban,219.65,25.9,smokes,0
2680,Male,30,0,0,Yes,Private,Rural,102.36,31.1,never smoked,0
2681,Female,47,1,1,No,Private,Rural,182.66,27.2,never smoked,0
2682,Female,33,1,0,No,Govt_job,Urban,77.76,27.9,never smoked,0
2683,Female,27,0,1,No,Private,Rural,75.38,22.9,never smoked,0
2684,Male,52,0,0,Yes,Self-employed,Urban,95.03,33.3,smokes,0
2685,Female,51,0,0,Yes,Private,Rural,196.89,39.3,never smoked,0
2686,Female,62,0,1,Yes,Private,Urban,115.11,23.0,Unknown,0
2687,Female,40,0,0,Yes,Govt_job,Urban,111.99,,never smoked,0
2688,Female,55,0,0,No,Private,Urban,217.7,28.6,never smoked,1
2689,Female,57,0,0,Yes,Private,Urban,72.32,28.3,never smoked,0
2690,Male,56,1,1,Yes,Private,Rural,79.92,36.1,never smoked,0
2691,Female,33,0,1,Yes,Private,Rural,108.84,20.5,never smoked,0
2692,Male,50,0,0,Yes,Private,Rural,81.55,25.0,never smoked,0
2693,Male,54,0,0,Yes,Self-employed,Urban,106.83,14.5,Unknown,0
2694,Male,48,0,0,Yes,Govt_job,Urban,159.88,37.4,smokes,1
2695,Male,18,0,0,No,Govt_job,Rural,90.78,30.1,Unknown,0
2696,Male,50,0,1,Yes,Private,Urban,79.46,25.5,never smoked,0
2697,Male,87,0,0,No,children,Rural,88.59,19.9,formerly smoked,0
2698,Female,41,0,0,Yes,Self-employed,Rural,193.87,20.5,never smoked,0
2699,Female,34,1,0,Yes,Private,Urban,105.49,31.2,Unknown,0
2700,Female,54,0,0,Yes,Govt_job,Rural,76.71,21.3,Unknown,0
2701,Female,53,0,1,No,Self-employed,Rural,86.06,29.2,Unknown,0
2702,Male,69,0,0,Yes,Govt_job,Rural,203.35,41.8,never smoked,0
2703,Female,25,0,0,No,Private,Urban,261.34,26.2,never smoked,0
2704,Female,61,0,1,Yes,Private,Urban,76.37,22.3,never smoked,1
2705,Male,58,1,0,Yes,children,Urban,70.25,31.0,never smoked,0
2706,Female,45,1,0,No,Private,Urban,100.11,20.5,never smoked,0
2707,Male,54,1,0,No,Self-employed,Urban,67.23,39.7,never smoked,0
2708,Female,66,0,0,Yes,Self-employed,Rural,109.27,37.6,never smoked,1
2709,Female,63,1,0,Yes,Govt_job,Rural,87.66,27.4,formerly smoked,0
2710,Male,27,0,0,No,Private,Rural,66.79,22.7,formerly smoked,0
2711,Male,62,0,0,Yes,Self-employed,Urban,216.78,25.7,Unknown,0
2712,Female,46,0,1,Yes,Private,Rural,95.69,26.6,never smoked,0
2713,Female,49,1,1,Yes,Self-employed,Urban,82.01,31.0,never smoked,0
2714,Male,49,0,0,Yes,Govt_job,Rural,90.3,35.3,smokes,0
2715,Female,45,0,0,Yes,Private,Rural,101.1,21.8,smokes,0
2716,Male,69,0,0,No,Self-employed,Rural,86.97,35.1,never smoked,0
2717,Female,46,0,0,Yes,Private,Rural,75.94,32.5,Unknown,0
2718,Female,27,0,1,No,Private,Rural,85.52,25.2,never smoked,0
2719,Male,40,1,0,No,Private,Urban,160.65,21.4,never smoked,0
2720,Male,51,0,0,Yes,Private,Urban,140.22,29.3,formerly smoked,0
2721,Male,70,0,0,Yes,Private,Urban,59.7,21.6,never smoked,0
2722,Male,58,0,0,Yes,Private,Urban,214.64,35.2,smokes,0
2723,Male,32,0,0,Yes,Govt_job,Rural,93.75,21.2,formerly smoked,0
2724,Female,90,0,0,No,Govt_job,Urban,103.86,32.1,never smoked,0
2725,Male,52,0,0,No,Self-employed,Rural,81.74,28.0,Unknown,0
2726,Female,70,0,0,Yes,Private,Urban,63.48,24.9,never smoked,0
2727,Female,45,0,0,Yes,children,Urban,209.44,27.8,smokes,0
2728,Female,57,0,0,Yes,Self-employed,Rural,75.89,35.5,never smoked,0
2729,Female,63,0,0,No,Private,Urban,69.18,20.8,formerly smoked,0
2730,Male,69,0,0,Yes,Govt_job,Rural,70.22,25.8,never smoked,1
2731,Female,67,0,0,Yes,Private,Rural,203.5,23.6,Unknown,0
2732,Female,63,1,0,Yes,Self-employed,Urban,220.45,28.2,Unknown,1
2733,Female,42,0,1,Yes,Private,Urban,101.74,24.0,never smoked,0
2734,Male,37,0,0,Yes,Private,Urban,100.04,17.0,never smoked,0
2735,Female,53,0,0,Yes,children,Rural,83.69,21.6,Unknown,0
2736,Female,64,0,1,No,Private,Rural,88.94,39.1,Unknown,1
2737,Male,43,1,1,Yes,Private,Urban,82.33,30.1,formerly smoked,0
2738,Male,67,0,0,No,children,Rural,86.85,,formerly smoked,1
2739,Male,74,0,0,Yes,children,Urban,75.49,26.7,Unknown,0
2740,Female,31,0,0,Yes,Self-employed,Rural,95.86,28.2,never smoked,0
2741,Female,32,0,0,No,Private,Rural,106.13,25.7,smokes,0
2742,Female,45,1,1,Yes,Private,Rural,77.75,31.9,formerly smoked,0
2743,Male,53,0,0,No,Govt_job,Rural,161.48,29.2,Unknown,0
2744,Male,38,0,0,No,Private,Urban,91.7,20.9,never smoked,0
2745,Female,72,0,0,Yes,Private,Rural,93.62,,smokes,1
2746,Male,55,0,0,Yes,Private,Urban,64.51,14.0,smokes,0
2747,Male,48,1,0,Yes,Private,Rural,62.89,31.2,Unknown,0
2748,Female,22,0,0,No,Private,Urban,92.16,19.3,smokes,0
2749,Male,24,0,0,No,Private,Rural,137.67,27.9,Unknown,0
2750,Female,53,0,0,Yes,Private,Rural,79.93,20.7,Unknown,0
2751,Male,18,0,0,No,Private,Rural,115.05,28.5,formerly smoked,0
2752,Male,66,0,0,Yes,Private,Urban,101.02,32.3,never smoked,0
2753,Male,45,0,0,Yes,Private,Rural,76.37,38.3,smokes,0
2754,Female,90,0,1,No,Self-employed,Rural,173.46,18.5,Unknown,0
2755,Female,89,0,0,Yes,Govt_job,Rural,127.15,34.8,never smoked,1
2756,Female,44,0,0,Yes,Private,Urban,190.55,29.4,smokes,0
2757,Female,46,1,0,Yes,Private,Urban,161.1,25.6,never smoked,0
2758,Male,65,0,0,No,Private,Urban,85.16,33.4,never smoked,0
2759,Female,78,0,0,No,Private,Urban,100.6,27.0,smokes,1
2760,Female,18,0,0,No,Private,Urban,109.01,33.2,smokes,0
2761,Female,18,0,0,No,Private,Urban,204.62,22.1,smokes,0
2762,Male,36,0,0,Yes,Govt_job,Urban,106.78,24.4,Unknown,0
2763,Female,58,1,0,No,Self-employed,Urban,123.32,34.6,never smoked,0
2764,Male,56,0,0,Yes,Private,Urban,90.99,38.2,never smoked,0
2765,Male,67,0,1,Yes,Private,Rural,101.77,28.3,Unknown,0
2766,Female,26,0,0,No,Govt_job,Rural,233.57,14.0,formerly smoked,0
2767,Female,18,0,0,No,Private,Urban,90.29,27.2,never smoked,0
2768,Male,63,0,0,No,Govt_job,Rural,87.35,28.7,Unknown,0
2769,Male,33,0,0,Yes,Private,Rural,101.95,27.0,Unknown,0
2770,Female,18,0,0,No,Govt_job,Rural,108.07,30.7,smokes,0
2771,Female,50,0,1,Yes,children,Urban,88.36,25.4,Unknown,0
2772,Female,62,0,0,Yes,children,Urban,113.0,34.0,never smoked,0
2773,Female,45,0,0,Yes,Private,Rural,112.95,20.9,never smoked,0
2774,Female,39,0,0,Yes,Private,Urban,102.7,36.5,Unknown,0
2775,Male,45,0,0,No,Private,Urban,82.26,38.6,smokes,0
2776,Female,41,0,0,Yes,children,Urban,80.82,22.6,never smoked,0
2777,Female,23,0,1,No,Private,Urban,197.97,22.6,formerly smoked,0
2778,Male,35,0,0,Yes,Private,Rural,240.37,31.2,smokes,1
2779,Female,57,0,1,Yes,Private,Urban,71.82,20.8,never smoked,1
2780,Male,53,0,0,No,Private,Rural,100.15,25.3,smokes,0
2781,Female,51,0,0,Yes,Private,Rural,206.65,35.7,never smoked,0
2782,Female,30,0,0,No,Private,Rural,102.35,33.3,never smoked,0
2783,Female,44,0,0,Yes,Private,Urban,140.13,41.4,smokes,1
2784,Female,18,0,0,No,Private,Urban,144.62,29.6,never smoked,0
2785,Female,51,1,0,No,children,Urban,107.12,24.5,never smoked,1
2786,Female,73,0,0,Yes,Govt_job,Urban,111.53,,Unknown,0
2787,Female,21,0,0,No,Govt_job,Rural,111.91,27.5,smokes,0
2788,Male,37,0,0,Yes,Private,Urban,92.15,27.6,formerly smoked,0
2789,Female,53,0,0,Yes,Govt_job,Rural,175.67,28.3,never smoked,0
2790,Male,70,0,1,No,Private,Rural,198.0,,never smoked,0
2791,Female,39,0,0,Yes,Private,Rural,58.7,30.3,smokes,0
2792,Female,35,0,0,No,Private,Rural,73.75,19.3,never smoked,0
2793,Female,18,0,0,No,Private,Urban,91.03,23.8,formerly smoked,0
2794,Male,49,0,0,Yes,Private,Urban,81.61,27.7,formerly smoked,0
2795,Male,84,1,0,Yes,Never_worked,Urban,87.3,14.0,formerly smoked,0
2796,Female,52,0,0,Yes,Private,Urban,192.54,33.5,never smoked,0
2797,Male,47,0,0,No,Private,Rural,85.44,15.2,never smoked,0
2798,Male,53,0,0,Yes,Private,Urban,73.17,32.9,Unknown,0
2799,Male,47,0,0,Yes,Private,Urban,89.2,20.1,Unknown,0
2800,Female,33,0,0,No,Self-employed,Rural,76.52,25.9,formerly smoked,0
2801,Female,62,0,0,No,Private,Urban,85.94,31.9,Unknown,0
2802,Male,52,0,0,Yes,Govt_job,Rural,110.14,42.8,smokes,1
2803,Male,48,0,0,No,Private,Urban,85.94,29.3,never smoked,0
2804,Male,30,1,0,Yes,Self-employed,Urban,116.56,15.6,never smoked,0
2805,Female,71,1,0,Yes,Self-employed,Rural,111.47,34.7,never smoked,0
2806,Female,59,0,0,Yes,children,Rural,81.31,27.0,smokes,0
2807,Male,38,0,0,Yes,Govt_job,Urban,194.45,29.0,smokes,0
2808,Male,66,0,0,Yes,Self-employed,Urban,283.15,32.1,Unknown,1
2809,Male,39,0,0,Yes,Private,Urban,107.3,14.0,Unknown,0
2810,Female,33,0,0,Yes,Private,Urban,82.65,28.5,Unknown,0
2811,Female,34,0,0,No,Govt_job,Urban,215.82,25.8,Unknown,0
2812,Male,18,1,0,No,children,Rural,108.13,36.4,Unknown,0
2813,Male,56,0,0,No,Private,Urban,78.39,33.2,never smoked,0
2814,Male,18,0,0,No,Private,Urban,79.86,17.9,never smoked,0
2815,Female,25,0,0,No,Govt_job,Rural,100.69,36.7,smokes,0
2816,Male,18,0,0,No,Private,Urban,92.28,31.4,smokes,0
2817,Female,46,0,0,Yes,Private,Urban,79.71,18.4,formerly smoked,0
2818,Female,45,0,0,Yes,Private,Rural,216.44,28.9,Unknown,0
2819,Male,42,0,0,Yes,Self-employed,Urban,139.26,35.2,Unknown,0
2820,Male,29,0,0,Yes,Never_worked,Rural,173.79,20.6,smokes,0
2821,Male,26,0,1,No,Private,Urban,101.48,37.5,formerly smoked,0
2822,Female,56,1,1,Yes,Private,Urban,82.82,,Unknown,0
2823,Female,38,0,0,Yes,Private,Urban,55.0,23.4,never smoked,0
2824,Female,53,0,0,Yes,Private,Urban,89.64,22.4,never smoked,0
2825,Female,32,0,0,Yes,Private,Urban,78.88,37.5,Unknown,0
2826,Male,51,0,0,Yes,Private,Urban,115.33,25.3,Unknown,0
2827,Female,71,0,1,Yes,Private,Rural,81.22,20.9,formerly smoked,0
2828,Female,58,1,1,Yes,Self-employed,Rural,73.54,31.4,Unknown,1
2829,Male,40,0,0,Yes,Govt_job,Urban,97.62,32.8,never smoked,0
2830,Female,52,0,0,No,Private,Rural,231.56,32.8,smokes,0
2831,Female,43,0,0,No,Private,Rural,78.31,26.7,smokes,0
2832,Female,48,0,0,Yes,Never_worked,Rural,141.04,30.2,never smoked,1
2833,Female,42,0,1,Yes,Private,Urban,197.11,24.3,never smoked,0
2834,Female,45,0,1,Yes,Govt_job,Rural,68.14,39.4,Unknown,0
2835,Female,51,0,0,Yes,Private,Urban,173.29,,never smoked,0
2836,Male,30,0,0,Yes,Govt_job,Urban,98.69,35.5,never smoked,0
2837,Male,29,1,0,Yes,Govt_job,Rural,86.04,33.7,formerly smoked,0
2838,Female,23,0,0,No,Self-employed,Rural,89.95,31.9,never smoked,0
2839,Male,19,0,0,No,Govt_job,Rural,97.59,20.4,Unknown,0
2840,Male,26,0,0,No,children,Rural,104.6,32.6,never smoked,0
2841,Female,50,0,0,Yes,Self-employed,Urban,78.66,29.2,smokes,0
2842,Female,31,0,0,Yes,Private,Rural,95.49,36.7,never smoked,0
2843,Female,57,0,0,Yes,Private,Urban,82.4,33.7,Unknown,0
2844,Female,48,1,0,Yes,Govt_job,Urban,87.17,32.1,smokes,0
2845,Male,18,0,0,No,Self-employed,Rural,92.41,17.6,formerly smoked,0
2846,Male,59,0,1,Yes,Private,Urban,89.9,27.9,Unknown,0
2847,Male,62,1,1,Yes,Private,Rural,190.13,24.9,never smoked,0
2848,Female,30,0,0,No,Self-employed,Urban,97.31,30.1,smokes,0
2849,Female,55,0,0,No,Private,Rural,67.38,25.8,Unknown,0
2850,Male,32,0,0,No,Private,Urban,69.63,26.7,smokes,0
2851,Female,49,1,0,Yes,Govt_job,Urban,84.45,31.5,Unknown,0
2852,Female,25,0,0,No,Private,Rural,117.43,25.7,never smoked,0
2853,Female,18,0,0,No,Private,Urban,77.23,29.3,never smoked,0
2854,Female,41,0,0,Yes,Private,Rural,184.42,18.6,never smoked,0
2855,Male,45,1,1,No,Private,Rural,81.95,23.1,Unknown,0
2856,Female,40,0,0,Yes,Private,Urban,81.69,32.8,Unknown,0
2857,Female,26,0,0,No,Private,Rural,92.67,20.5,never smoked,0
2858,Female,40,0,0,Yes,Private,Urban,111.01,36.6,never smoked,0
2859,Female,52,1,1,No,Private,Rural,234.38,34.8,never smoked,1
2860,Female,47,1,1,Yes,Private,Urban,77.95,26.8,never smoked,1
2861,Female,51,1,0,No,Private,Urban,217.42,48.0,never smoked,0
2862,Male,35,0,1,Yes,children,Urban,91.18,36.6,Unknown,1
2863,Female,69,0,0,Yes,Private,Rural,81.34,22.3,Unknown,0
2864,Female,26,0,0,No,children,Rural,111.18,33.4,Unknown,0
2865,Female,56,1,0,Yes,Govt_job,Rural,82.96,28.9,smokes,0
2866,Male,69,0,0,Yes,Private,Rural,162.46,23.5,Unknown,0
2867,Male,56,0,0,No,Self-employed,Rural,76.94,21.5,Unknown,0
2868,Male,44,1,0,Yes,Private,Rural,111.45,35.0,formerly smoked,0
2869,Female,38,0,0,Yes,Self-employed,Urban,218.31,24.6,never smoked,0
2870,Female,66,0,0,Yes,Private,Rural,109.37,27.8,never smoked,0
2871,Male,22,0,0,No,Govt_job,Rural,118.53,22.5,smokes,0
2872,Female,30,0,1,Yes,Private,Urban,73.01,23.6,Unknown,0
2873,Female,40,0,0,Yes,Govt_job,Rural,109.14,27.7,smokes,0
2874,Female,70,0,0,Yes,Private,Urban,68.87,31.0,Unknown,0
2875,Female,54,0,0,Yes,children,Rural,74.29,14.0,never smoked,0
2876,Female,30,0,1,Yes,Private,Rural,242.73,28.6,Unknown,0
2877,Female,42,0,1,Yes,Self-employed,Rural,97.55,23.7,Unknown,0
2878,Male,36,0,0,Yes,Private,Rural,209.77,37.6,smokes,0
2879,Female,35,0,0,Yes,Private,Urban,87.49,47.6,Unknown,0
2880,Female,65,0,0,Yes,Self-employed,Rural,92.19,26.2,smokes,0
2881,Female,23,0,1,No,children,Urban,98.87,17.3,never smoked,0
2882,Female,76,0,1,Yes,Private,Urban,212.95,29.3,never smoked,0
2883,Female,62,0,1,Yes,children,Rural,106.41,27.2,smokes,0
2884,Male,67,1,0,Yes,Self-employed,Rural,117.3,41.3,Unknown,0
2885,Female,39,0,0,Yes,Govt_job,Rural,89.68,,never smoked,0
2886,Male,45,1,1,Yes,Private,Urban,219.1,34.1,smokes,0
2887,Male,22,0,0,No,Private,Rural,145.61,24.7,Unknown,0
2888,Female,38,0,0,Yes,children,Rural,72.84,32.9,never smoked,0
2889,Female,56,0,0,Yes,Private,Urban,79.82,30.2,never smoked,0
2890,Male,71,0,1,Yes,Private,Rural,104.99,30.1,never smoked,0
2891,Male,28,0,0,No,Private,Rural,202.45,18.4,never smoked,0
2892,Female,41,0,0,No,Private,Rural,71.88,35.4,never smoked,0
2893,Male,45,1,0,Yes,Self-employed,Rural,67.65,29.2,never smoked,0
2894,Female,22,0,0,No,Self-employed,Urban,205.62,27.8,never smoked,0
2895,Female,58,0,0,Yes,Self-employed,Rural,107.13,24.6,smokes,0
2896,Female,34,0,0,Yes,Private,Rural,106.93,23.3,smokes,0
2897,Male,44,0,0,Yes,Private,Urban,91.66,30.6,Unknown,0
2898,Male,39,1,0,Yes,Private,Rural,120.13,17.1,formerly smoked,0
2899,Female,33,0,1,No,Private,Rural,88.43,33.6,Unknown,0
2900,Female,47,1,1,Yes,children,Urban,87.92,21.6,Unknown,0
2901,Male,44,0,0,Yes,Govt_job,Urban,55.0,15.1,Unknown,0
2902,Female,41,0,1,Yes,Private,Urban,83.29,40.3,formerly smoked,0
2903,Male,34,0,0,Yes,children,Rural,102.78,22.9,Unknown,0
2904,Female,53,0,0,Yes,Private,Rural,203.9,23.8,Unknown,0
2905,Male,77,0,0,Yes,Govt_job,Urban,77.55,35.9,never smoked,0
2906,Female,50,0,0,Yes,Private,Urban,96.93,40.6,never smoked,0
2907,Male,65,0,0,Yes,Self-employed,Urban,105.7,18.5,smokes,1
2908,Male,22,0,0,No,Private,Rural,90.17,22.3,never smoked,0
2909,Male,50,1,0,Yes,Private,Rural,191.57,22.8,never smoked,0
2910,Male,28,0,0,No,Private,Rural,93.71,34.6,formerly smoked,0
2911,Female,21,0,0,No,Private,Rural,101.42,,smokes,0
2912,Female,34,0,0,Yes,Private,Rural,215.95,21.5,Unknown,0
2913,Male,69,1,0,No,Private,Urban,86.19,37.7,smokes,0
2914,Female,65,0,0,Yes,Private,Rural,72.67,23.9,smokes,0
2915,Female,52,1,0,No,Self-employed,Rural,160.82,30.7,never smoked,0
2916,Female,20,1,0,No,Private,Rural,105.41,20.2,smokes,0
2917,Female,44,0,0,Yes,Self-employed,Rural,89.94,27.7,formerly smoked,1
2918,Male,53,1,0,Yes,Private,Rural,113.97,27.8,Unknown,0
2919,Male,51,0,1,Yes,children,Rural,205.19,26.5,formerly smoked,0
2920,Female,18,0,1,No,children,Rural,84.69,31.0,formerly smoked,0
2921,Male,31,0,0,No,Private,Rural,88.75,22.0,formerly smoked,0
2922,Female,46,0,0,Yes,Self-employed,Rural,223.24,22.8,Unknown,0
2923,Male,57,1,0,Yes,Private,Urban,104.5,31.3,Unknown,0
2924,Female,18,0,1,No,children,Urban,94.84,37.2,never smoked,0
2925,Male,45,0,0,Yes,Private,Rural,106.58,28.4,formerly smoked,0
2926,Female,50,0,0,Yes,Private,Urban,85.55,31.8,Unknown,0
2927,Female,63,1,0,Yes,Private,Urban,75.04,33.4,Unknown,0
2928,Female,60,1,0,Yes,Private,Urban,196.29,33.9,formerly smoked,1
2929,Male,58,0,1,Yes,Private,Rural,93.08,22.3,never smoked,0
2930,Female,33,0,0,No,Self-employed,Urban,71.98,23.4,never smoked,0
2931,Female,18,0,0,No,Private,Urban,69.95,24.0,smokes,0
2932,Female,40,0,0,No,Private,Urban,96.71,41.0,formerly smoked,0
2933,Female,66,0,0,No,Private,Rural,83.9,31.8,never smoked,1
2934,Female,73,0,0,Yes,Private,Urban,87.51,31.5,never smoked,0
2935,Female,60,0,0,Yes,Private,Urban,84.6,30.9,smokes,0
2936,Male,55,0,0,Yes,Govt_job,Rural,188.26,19.9,Unknown,0
2937,Female,54,0,0,No,Private,Rural,108.93,41.1,Unknown,0
2938,Female,37,0,0,No,Self-employed,Urban,71.44,31.6,smokes,0
2939,Male,45,0,0,Yes,Private,Rural,82.01,33.2,Unknown,0
2940,Male,78,0,0,No,Private,Urban,225.27,17.0,never smoked,0
2941,Male,31,1,0,Yes,Self-employed,Rural,183.93,33.6,smokes,0
2942,Female,77,1,0,Yes,Private,Urban,89.38,,never smoked,0
2943,Female,42,1,1,Yes,Private,Urban,72.94,19.9,Unknown,0
2944,Female,71,0,1,Yes,Self-employed,Rural,79.76,22.3,Unknown,0
2945,Female,22,1,0,No,Private,Rural,82.25,20.3,Unknown,0
2946,Female,58,0,0,Yes,Private,Urban,232.77,20.2,formerly smoked,0
2947,Male,34,0,0,Yes,Private,Urban,115.56,28.9,Unknown,0
2948,Male,22,1,0,No,Self-employed,Rural,79.7,26.0,Unknown,0
2949,Female,51,0,0,Yes,Private,Rural,74.61,30.7,never smoked,0
2950,Male,66,0,1,Yes,Private,Urban,88.37,,Unknown,0
2951,Male,32,0,0,Yes,Private,Rural,105.48,27.7,never smoked,0
2952,Female,21,0,1,No,Private,Urban,68.3,14.0,Unknown,0
2953,Female,46,1,0,Yes,Private,Urban,111.8,26.9,never smoked,0
2954,Female,46,0,0,No,children,Urban,87.42,36.3,never smoked,0
2955,Female,57,0,0,Yes,children,Urban,78.99,27.9,Unknown,0
2956,Female,65,0,0,Yes,Private,Urban,66.0,38.4,never smoked,0
2957,Female,46,0,0,No,Private,Urban,100.6,31.4,never smoked,0
2958,Female,81,0,0,No,Self-employed,Urban,87.43,16.6,smokes,0
2959,Female,52,0,0,No,Private,Urban,233.74,,Unknown,0
2960,Male,41,0,0,Yes,Govt_job,Urban,158.06,30.4,never smoked,0
2961,Male,18,0,0,No,Govt_job,Urban,85.21,35.5,Unknown,0
2962,Female,43,1,0,Yes,children,Rural,82.7,40.3,Unknown,0
2963,Male,41,0,0,Yes,Private,Urban,88.49,34.4,smokes,0
2964,Female,65,0,0,No,Private,Rural,79.96,31.4,smokes,0
2965,Female,56,0,0,Yes,Govt_job,Urban,66.99,32.9,never smoked,0
2966,Male,26,0,0,No,Self-employed,Urban,130.93,27.4,never smoked,0
2967,Male,51,0,0,Yes,children,Rural,69.55,19.0,never smoked,0
2968,Male,60,1,0,Yes,Private,Rural,208.19,28.8,never smoked,0
2969,Male,75,0,0,Yes,Self-employed,Urban,200.84,30.9,formerly smoked,0
2970,Male,63,1,0,Yes,Private,Urban,60.04,20.7,never smoked,1
2971,Female,61,0,0,No,Private,Rural,91.47,37.1,Unknown,0
2972,Male,49,0,1,No,Private,Rural,92.62,35.0,smokes,1
2973,Female,54,0,0,Yes,Self-employed,Rural,108.92,19.6,Unknown,0
2974,Male,70,0,0,Yes,Private,Urban,241.88,37.4,never smoked,0
2975,Female,24,0,0,No,Private,Urban,209.35,26.5,never smoked,0
2976,Male,41,1,0,Yes,Self-employed,Rural,75.76,23.4,formerly smoked,0
2977,Female,34,0,0,No,Private,Rural,112.49,35.5,never smoked,0
2978,Female,54,1,0,Yes,Govt_job,Rural,103.93,28.2,Unknown,0
2979,Female,70,1,0,Yes,Private,Rural,178.4,40.8,formerly smoked,1
2980,Male,37,0,1,Yes,Private,Rural,90.57,23.0,formerly smoked,0
2981,Female,18,0,0,No,children,Urban,92.16,17.2,never smoked,0
2982,Female,40,0,0,Yes,children,Urban,84.82,26.7,never smoked,0
2983,Female,64,1,0,Yes,Private,Rural,166.18,33.6,formerly smoked,0
2984,Male,57,0,0,Yes,Govt_job,Urban,221.79,22.5,never smoked,0
2985,Male,55,0,0,Yes,Private,Urban,87.14,19.9,never smoked,0
2986,Female,42,0,0,Yes,Private,Urban,85.79,30.0,formerly smoked,0
2987,Female,24,0,0,No,Private,Urban,112.48,19.0,never smoked,0
2988,Female,57,0,0,Yes,Private,Urban,169.74,30.5,Unknown,0
2989,Female,32,0,0,Yes,Govt_job,Rural,170.76,26.3,never smoked,0
2990,Female,87,0,0,Yes,Self-employed,Urban,187.49,31.7,never smoked,0
2991,Male,58,0,0,Yes,children,Rural,95.16,19.5,never smoked,0
2992,Female,37,0,1,No,Self-employed,Urban,193.97,36.9,never smoked,0
2993,Male,36,0,0,No,Private,Urban,55.0,27.3,never smoked,0
2994,Female,46,0,0,Yes,Self-employed,Rural,93.78,33.5,never smoked,0
2995,Female,43,0,0,Yes,Never_worked,Rural,83.75,34.7,never smoked,0
2996,Female,68,0,0,Yes,Self-employed,Urban,86.69,21.0,never smoked,0
2997,Male,51,0,0,Yes,Govt_job,Rural,76.39,34.2,Unknown,0
2998,Male,34,0,0,Yes,children,Urban,185.14,19.2,Unknown,0
2999,Male,82,0,0,No,Private,Rural,191.75,19.6,never smoked,0
3000,Male,48,0,1,Yes,Self-employed,Urban,83.3,41.3,never smoked,0
3001,Male,61,0,0,Yes,Govt_job,Urban,104.48,35.7,smokes,0
3002,Female,37,0,0,Yes,children,Rural,77.91,42.0,Unknown,0
3003,Male,54,1,0,Yes,Private,Rural,101.38,26.1,Unknown,0
3004,Male,53,1,1,Yes,Private,Urban,90.02,29.2,never smoked,0
3005,Female,18,0,0,No,Self-employed,Rural,204.29,31.9,formerly smoked,0
3006,Female,84,1,0,Yes,Private,Urban,90.11,28.4,Unknown,1
3007,Female,71,0,0,Yes,Self-employed,Rural,187.5,23.7,Unknown,0
3008,Male,40,0,1,Yes,Private,Urban,229.87,22.7,never smoked,0
3009,Female,28,0,0,No,Private,Rural,68.7,29.9,smokes,0
3010,Male,54,0,0,Yes,Private,Urban,96.26,21.6,never smoked,0
3011,Male,49,0,0,Yes,Private,Urban,59.35,21.4,never smoked,0
3012,Female,54,1,0,Yes,Private,Rural,82.04,31.1,formerly smoked,0
3013,Male,51,0,0,Yes,Private,Rural,256.43,27.9,never smoked,0
3014,Female,57,0,1,Yes,Private,Rural,154.39,34.6,Unknown,1
3015,Male,74,0,0,Yes,Private,Urban,79.63,25.7,Unknown,1
3016,Male,58,0,0,No,Private,Urban,152.78,24.7,Unknown,0
3017,Female,29,0,0,No,Private,Rural,105.14,31.3,never smoked,0
3018,Male,72,1,0,Yes,Self-employed,Rural,193.97,23.2,never smoked,1
3019,Female,77,0,0,Yes,Govt_job,Rural,81.37,24.2,never smoked,0
3020,Female,90,1,0,Yes,Private,Urban,162.68,24.5,formerly smoked,1
3021,Female,27,0,0,No,Private,Rural,55.0,27.1,smokes,0
3022,Female,52,1,0,Yes,Govt_job,Rural,195.56,40.0,formerly smoked,0
3023,Male,18,0,0,No,Private,Urban,104.02,19.6,formerly smoked,0
3024,Male,57,0,0,Yes,children,Rural,105.25,36.9,formerly smoked,0
3025,Male,38,0,0,No,Self-employed,Rural,76.94,33.3,never smoked,0
3026,Female,82,1,1,Yes,Private,Rural,219.32,38.7,smokes,1
3027,Female,34,1,0,No,Private,Urban,90.32,48.9,formerly smoked,0
3028,Male,18,0,0,No,Private,Rural,102.44,37.8,Unknown,0
3029,Female,39,0,0,Yes,Private,Urban,205.04,34.5,smokes,1
3030,Male,18,1,0,No,Private,Urban,188.71,20.0,never smoked,0
3031,Female,61,0,0,Yes,Private,Rural,107.13,20.8,formerly smoked,0
3032,Female,18,0,0,No,Govt_job,Rural,219.7,30.8,Unknown,0
3033,Female,48,0,0,Yes,Private,Urban,86.7,17.5,never smoked,0
3034,Female,18,0,0,No,Private,Rural,114.52,32.5,Unknown,0
3035,Male,42,0,0,No,Self-employed,Rural,87.05,14.6,never smoked,0
3036,Male,77,1,1,Yes,Private,Urban,70.99,36.0,formerly smoked,1
3037,Male,54,0,1,Yes,Private,Rural,79.96,26.4,Unknown,1
3038,Male,32,0,0,Yes,Private,Rural,75.93,29.3,smokes,0
3039,Male,47,1,0,Yes,Private,Rural,95.36,23.6,formerly smoked,0
3040,Female,48,0,0,Yes,children,Urban,182.54,16.2,never smoked,0
3041,Female,56,1,0,Yes,Private,Urban,94.07,36.5,never smoked,0
3042,Female,23,0,0,No,Private,Rural,136.84,37.2,smokes,1
3043,Male,58,0,1,No,Private,Urban,58.15,26.2,formerly smoked,0
3044,Female,18,1,0,No,Private,Urban,214.27,32.8,never smoked,0
3045,Female,36,0,1,Yes,Private,Rural,92.23,26.0,Unknown,0
3046,Male,39,0,0,Yes,Govt_job,Urban,184.79,30.4,never smoked,0
3047,Female,59,0,0,No,children,Rural,79.91,33.4,formerly smoked,0
3048,Female,48,0,0,No,Private,Rural,78.31,32.1,smokes,0
3049,Male,22,0,0,No,Private,Rural,96.02,37.2,formerly smoked,0
3050,Female,30,1,0,Yes,Self-employed,Rural,112.79,31.9,formerly smoked,0
3051,Female,51,0,0,Yes,Private,Urban,90.17,28.7,never smoked,0
3052,Male,46,0,0,No,Private,Urban,96.37,23.6,Unknown,0
3053,Female,37,0,0,Yes,Private,Rural,85.18,25.4,formerly smoked,0
3054,Female,39,0,0,Yes,Private,Urban,66.85,33.8,formerly smoked,0
3055,Female,60,0,0,No,Private,Rural,104.51,18.7,smokes,1
3056,Female,38,0,0,Yes,Govt_job,Rural,103.63,35.7,never smoked,0
3057,Male,46,0,0,No,Govt_job,Urban,100.66,26.7,Unknown,0
3058,Female,87,0,0,Yes,Private,Rural,186.76,23.2,formerly smoked,0
3059,Female,22,0,0,No,Private,Urban,98.96,21.4,smokes,0
3060,Male,18,0,1,No,children,Urban,103.41,32.9,Unknown,0
3061,Female,62,0,0,Yes,Private,Rural,114.3,28.4,Unknown,0
3062,Female,35,0,0,Yes,Govt_job,Rural,172.02,38.8,formerly smoked,0
3063,Female,42,0,0,Yes,Private,Rural,90.96,20.3,Unknown,0
3064,Male,33,0,1,Yes,Private,Urban,152.96,24.7,never smoked,0
3065,Female,43,1,1,Yes,Private,Urban,92.33,27.9,smokes,1
3066,Male,76,0,0,Yes,children,Urban,93.85,23.6,never smoked,0
3067,Male,62,1,0,Yes,Private,Urban,100.64,28.5,never smoked,0
3068,Male,63,0,0,Yes,Private,Urban,221.13,30.6,never smoked,0
3069,Male,22,1,0,No,Private,Rural,88.57,31.6,never smoked,0
3070,Female,27,0,0,No,children,Rural,121.51,38.3,never smoked,0
3071,Female,18,1,0,No,children,Urban,63.61,20.0,smokes,0
3072,Male,33,0,1,No,Never_worked,Urban,96.29,30.7,never smoked,0
3073,Female,65,1,0,No,children,Rural,78.02,24.3,Unknown,0
3074,Female,57,1,0,Yes,Private,Rural,61.39,31.3,never smoked,0
3075,Female,44,0,0,No,Private,Rural,86.97,31.3,never smoked,0
3076,Male,47,0,0,No,Private,Urban,138.12,,formerly smoked,0
3077,Female,35,0,0,No,Private,Urban,165.99,22.6,formerly smoked,0
3078,Female,51,1,0,Yes,Govt_job,Rural,90.52,31.8,never smoked,0
3079,Female,61,0,0,Yes,children,Rural,106.78,28.7,Unknown,0
3080,Male,18,0,0,No,Private,Urban,67.39,27.1,never smoked,0
3081,Male,53,0,0,Yes,Self-employed,Rural,103.63,32.8,Unknown,0
3082,Female,64,0,1,Yes,children,Urban,91.47,33.3,never smoked,0
3083,Female,40,1,0,Yes,Private,Urban,105.43,25.1,Unknown,0
3084,Female,60,0,0,Yes,Private,Rural,144.94,23.0,formerly smoked,0
3085,Female,90,1,0,Yes,Private,Urban,181.65,20.3,Unknown,0
3086,Male,46,1,1,Yes,Private,Rural,71.74,28.7,never smoked,0
3087,Female,55,0,0,Yes,Self-employed,Urban,70.62,19.2,never smoked,0
3088,Female,34,0,0,No,Private,Urban,173.89,29.1,formerly smoked,0
3089,Male,51,0,0,Yes,Private,Urban,195.42,36.4,formerly smoked,1
3090,Female,56,0,0,Yes,Never_worked,Urban,81.53,26.2,never smoked,0
3091,Female,51,0,0,Yes,Private,Urban,99.44,25.0,never smoked,0
3092,Male,29,0,0,Yes,Private,Rural,67.15,41.5,Unknown,0
3093,Female,51,0,0,Yes,children,Rural,92.7,,never smoked,0
3094,Male,74,0,0,No,Private,Urban,100.03,23.5,formerly smoked,0
3095,Female,56,0,1,Yes,Private,Urban,220.18,29.4,formerly smoked,1
3096,Female,65,0,0,Yes,Govt_job,Rural,86.94,30.6,smokes,0
3097,Female,43,0,0,No,Private,Urban,100.74,29.8,never smoked,0
3098,Female,61,0,1,Yes,Govt_job,Urban,55.0,40.3,smokes,1
3099,Male,53,0,0,Yes,Private,Urban,182.0,29.1,never smoked,0
3100,Female,30,0,0,Yes,Private,Rural,183.37,30.0,never smoked,0
3101,Female,53,0,0,Yes,Private,Urban,100.75,33.0,formerly smoked,0
3102,Male,30,0,0,Yes,Private,Rural,195.14,36.2,Unknown,0
3103,Female,36,0,0,Yes,Govt_job,Urban,64.16,34.6,never smoked,0
3104,Female,51,0,1,Yes,Self-employed,Urban,98.01,32.0,never smoked,0
3105,Male,53,1,0,No,children,Urban,88.76,18.4,smokes,0
3106,Female,26,0,0,No,Govt_job,Rural,90.48,25.3,never smoked,0
3107,Female,66,1,0,No,Private,Rural,106.31,33.8,smokes,0
3108,Male,58,1,1,Yes,Govt_job,Urban,178.52,30.1,Unknown,1
3109,Female,35,0,0,Yes,Self-employed,Urban,118.82,33.9,Unknown,0
3110,Male,20,0,0,No,Self-employed,Rural,92.31,40.8,never smoked,0
3111,Male,45,0,0,Yes,Govt_job,Rural,79.63,,formerly smoked,0
3112,Male,39,0,0,Yes,Self-employed,Urban,87.17,35.9,Unknown,0
3113,Female,50,0,1,Yes,Private,Rural,96.23,26.4,never smoked,0
3114,Female,41,0,0,No,Self-employed,Urban,202.84,34.6,formerly smoked,1
3115,Male,18,0,0,No,Private,Urban,67.99,28.2,never smoked,0
3116,Female,41,0,0,Yes,Private,Urban,228.8,42.3,never smoked,0
3117,Female,42,0,0,No,Self-employed,Rural,114.14,29.3,Unknown,0
3118,Male,59,0,0,Yes,Private,Urban,86.4,24.3,Unknown,0
3119,Female,35,0,0,Yes,Private,Rural,103.97,31.2,formerly smoked,0
3120,Female,78,0,0,Yes,Private,Rural,184.59,30.6,Unknown,1
3121,Female,18,0,0,No,Self-employed,Rural,104.34,35.9,formerly smoked,0
3122,Female,71,0,1,Yes,Private,Urban,77.85,31.4,Unknown,0
3123,Male,43,0,0,Yes,Govt_job,Urban,77.92,44.6,never smoked,0
3124,Female,63,0,1,Yes,Private,Rural,90.3,27.8,never smoked,0
3125,Female,49,0,0,Yes,Private,Rural,67.02,27.9,never smoked,0
3126,Female,68,0,0,Yes,Private,Rural,85.95,24.6,formerly smoked,0
3127,Male,41,1,1,No,Self-employed,Urban,93.79,29.1,never smoked,1
3128,Female,28,1,0,No,Private,Urban,240.91,30.0,never smoked,0
3129,Female,73,0,0,Yes,children,Rural,96.04,30.3,Unknown,0
3130,Male,45,0,0,Yes,children,Urban,99.38,28.9,Unknown,0
3131,Male,51,0,0,No,Govt_job,Rural,179.53,24.5,smokes,0
3132,Female,70,1,1,Yes,children,Urban,75.53,22.8,Unknown,0
3133,Female,29,0,0,Yes,Private,Urban,87.52,26.1,Unknown,0
3134,Female,58,1,0,Yes,Private,Urban,201.87,35.9,smokes,0
3135,Female,37,0,0,No,Govt_job,Urban,88.81,37.3,formerly smoked,0
3136,Male,45,0,0,Yes,Self-employed,Urban,106.75,28.0,Unknown,0
3137,Female,49,1,0,No,children,Rural,104.46,22.4,smokes,0
3138,Male,20,0,0,No,Self-employed,Urban,67.83,28.0,never smoked,0
3139,Female,33,0,0,Yes,Never_worked,Urban,94.66,42.1,never smoked,0
3140,Female,72,0,0,Yes,Private,Rural,92.2,35.0,formerly smoked,0
3141,Female,63,0,0,Yes,Govt_job,Urban,94.95,32.1,Unknown,0
3142,Female,46,0,0,No,Self-employed,Urban,78.69,34.8,smokes,0
3143,Male,52,0,0,No,Self-employed,Rural,73.25,38.5,Unknown,0
3144,Female,42,0,0,Yes,Private,Rural,82.86,21.0,Unknown,0
3145,Female,72,0,1,No,Govt_job,Urban,88.53,26.0,never smoked,1
3146,Female,44,1,1,No,children,Urban,107.77,25.1,Unknown,0
3147,Male,52,0,0,Yes,Private,Rural,117.26,32.3,never smoked,0
3148,Female,68,0,0,Yes,Self-employed,Urban,110.95,29.5,formerly smoked,1
3149,Female,34,0,0,Yes,Private,Rural,102.9,33.4,Unknown,0
3150,Male,76,0,1,Yes,children,Rural,74.93,25.2,smokes,1
3151,Male,20,0,0,No,Private,Rural,83.87,37.4,Unknown,0
3152,Female,77,1,0,Yes,Private,Urban,93.15,28.0,never smoked,1
3153,Female,41,0,1,Yes,Private,Urban,193.57,33.0,Unknown,0
3154,Male,43,0,0,No,Self-employed,Rural,98.66,36.3,never smoked,0
3155,Male,18,0,0,No,Private,Urban,100.81,35.7,formerly smoked,0
3156,Male,39,0,1,Yes,Self-employed,Urban,98.04,30.8,formerly smoked,0
3157,Male,29,1,0,Yes,children,Rural,105.38,33.8,smokes,0
3158,Female,37,0,1,Yes,Govt_job,Urban,76.43,39.8,never smoked,0
3159,Female,45,0,0,Yes,Private,Urban,103.99,31.8,never smoked,0
3160,Female,65,0,1,Yes,Never_worked,Rural,79.57,23.8,smokes,0
3161,Female,51,0,0,Yes,Self-employed,Urban,75.89,32.3,smokes,0
3162,Male,53,0,1,Yes,Private,Urban,252.52,28.3,formerly smoked,1
3163,Female,28,0,0,No,Private,Urban,238.92,14.0,formerly smoked,0
3164,Female,32,0,0,Yes,Private,Rural,97.32,31.5,Unknown,0
3165,Female,80,0,0,Yes,Govt_job,Urban,90.31,29.3,Unknown,0
3166,Female,34,0,0,No,Private,Urban,218.95,36.0,never smoked,0
3167,Male,77,1,0,No,Private,Rural,92.05,23.6,never smoked,0
3168,Female,43,1,0,Yes,Govt_job,Rural,73.11,18.7,smokes,0
3169,Male,48,0,0,Yes,Self-employed,Urban,71.36,29.6,never smoked,0
3170,Female,67,0,0,Yes,Govt_job,Rural,88.82,31.0,never smoked,1
3171,Male,70,0,0,Yes,Govt_job,Urban,161.01,29.1,never smoked,0
3172,Male,46,0,1,Yes,Private,Rural,90.17,28.6,never smoked,0
3173,Female,41,0,0,Yes,children,Urban,100.14,21.6,smokes,0
3174,Male,46,0,0,No,Private,Urban,86.77,27.6,formerly smoked,0
3175,Female,54,1,0,Yes,Private,Rural,159.98,26.2,never smoked,0
3176,Male,64,1,0,No,Self-employed,Urban,87.83,,Unknown,0
3177,Female,48,0,0,Yes,Private,Urban,117.35,31.0,Unknown,1
3178,Female,59,0,0,Yes,children,Urban,168.67,26.7,Unknown,0
3179,Female,77,0,1,Yes,Private,Rural,125.11,39.7,formerly smoked,0
3180,Male,54,0,0,Yes,Private,Urban,95.28,26.8,never smoked,0
3181,Male,53,0,0,Yes,children,Urban,86.79,32.1,never smoked,0
3182,Male,20,0,0,No,Self-employed,Urban,76.51,27.4,never smoked,0
3183,Male,18,0,0,No,Self-employed,Urban,68.36,39.1,never smoked,0
3184,Female,54,0,0,Yes,Private,Urban,75.13,29.1,Unknown,0
3185,Female,46,0,0,Yes,Govt_job,Urban,76.81,29.3,Unknown,0
3186,Female,38,0,0,No,Private,Urban,95.92,27.6,Unknown,0
3187,Female,52,0,0,Yes,Private,Urban,205.34,29.8,Unknown,0
3188,Female,46,0,0,Yes,Private,Rural,92.8,36.3,smokes,0
3189,Female,68,1,1,Yes,Private,Rural,271.84,34.0,Unknown,1
3190,Male,49,0,0,No,Self-employed,Rural,88.68,,Unknown,0
3191,Female,34,0,0,Yes,Private,Urban,121.19,39.6,smokes,0
3192,Female,65,0,0,Yes,Private,Rural,72.36,,never smoked,0
3193,Female,44,0,0,Yes,Private,Urban,87.74,25.7,never smoked,0
3194,Male,57,1,1,Yes,Self-employed,Rural,81.91,19.5,smokes,0
3195,Female,39,0,0,Yes,Govt_job,Urban,104.05,25.8,never smoked,0
3196,Female,36,1,0,No,Private,Urban,56.4,31.2,Unknown,0
3197,Female,49,0,1,No,Private,Urban,68.35,32.4,smokes,0
3198,Female,48,0,0,Yes,Private,Urban,88.39,37.3,smokes,0
3199,Male,56,0,0,Yes,Self-employed,Rural,153.4,21.4,never smoked,0
3200,Female,43,0,0,Yes,Private,Rural,170.5,25.6,formerly smoked,0
3201,Male,18,0,0,No,Private,Rural,69.73,20.8,formerly smoked,0
3202,Female,40,0,0,No,Self-employed,Rural,72.04,19.8,Unknown,0
3203,Male,62,0,1,Yes,children,Urban,115.09,24.4,formerly smoked,0
3204,Female,42,0,0,Yes,Private,Urban,208.03,30.9,Unknown,0
3205,Female,43,0,0,Yes,Govt_job,Rural,224.88,33.5,smokes,0
3206,Male,65,0,0,No,Self-employed,Rural,112.16,22.3,smokes,0
3207,Female,35,0,0,Yes,children,Rural,105.17,23.2,Unknown,0
3208,Male,20,0,0,No,Private,Urban,109.11,16.9,Unknown,0
3209,Female,45,0,0,Yes,Private,Rural,75.75,,never smoked,0
3210,Female,39,0,1,Yes,children,Rural,67.12,23.7,Unknown,0
3211,Female,30,0,0,No,Private,Urban,92.0,39.3,never smoked,0
3212,Male,44,0,1,Yes,Private,Urban,95.03,31.2,formerly smoked,0
3213,Female,56,0,1,Yes,Private,Urban,95.47,27.4,never smoked,0
3214,Female,47,0,0,Yes,Govt_job,Rural,181.15,,smokes,0
3215,Male,53,1,0,No,Private,Urban,63.99,18.8,formerly smoked,0
3216,Female,80,0,1,Yes,children,Urban,102.9,19.6,smokes,0
3217,Male,41,0,0,Yes,Private,Urban,73.55,24.5,smokes,1
3218,Female,53,0,0,Yes,Private,Rural,102.84,,smokes,0
3219,Male,38,0,0,Yes,Private,Urban,166.65,22.0,never smoked,0
3220,Female,32,1,0,Yes,Private,Urban,77.79,31.0,Unknown,0
3221,Female,37,0,1,No,Self-employed,Rural,80.85,31.8,smokes,0
3222,Male,39,1,0,Yes,Self-employed,Rural,68.32,25.5,formerly smoked,0
3223,Male,54,1,0,Yes,Private,Urban,90.61,41.1,Unknown,0
3224,Male,90,0,1,No,Private,Rural,166.94,17.1,never smoked,1
3225,Female,35,0,0,Yes,Self-employed,Rural,101.79,28.9,formerly smoked,0
3226,Male,40,0,0,Yes,Govt_job,Urban,99.6,27.1,smokes,0
3227,Female,46,0,0,Yes,Self-employed,Urban,115.32,,never smoked,0
3228,Male,55,0,0,Yes,Govt_job,Urban,95.49,24.0,never smoked,0
3229,Male,52,0,0,Yes,Private,Urban,97.81,28.5,Unknown,0
3230,Female,71,0,1,No,children,Urban,111.0,27.0,never smoked,0
3231,Male,18,0,0,No,Private,Rural,80.59,26.0,formerly smoked,0
3232,Female,18,0,0,No,Private,Urban,67.68,20.1,smokes,0
3233,Female,39,1,1,Yes,Govt_job,Rural,93.0,18.0,smokes,0
3234,Female,67,0,1,Yes,children,Urban,68.66,26.6,Unknown,0
3235,Female,19,0,0,No,Self-employed,Rural,126.81,25.9,Unknown,0
3236,Female,18,0,0,No,Private,Urban,111.83,27.2,formerly smoked,0
3237,Male,58,0,1,Yes,Private,Rural,122.46,27.8,Unknown,0
3238,Male,52,0,1,No,Private,Rural,90.94,25.1,Unknown,0
3239,Male,28,0,0,No,children,Rural,98.26,27.1,never smoked,0
3240,Female,30,0,0,Yes,Private,Urban,208.39,23.0,Unknown,0
3241,Male,30,0,0,Yes,Govt_job,Rural,103.24,,Unknown,0
3242,Female,49,1,0,Yes,Private,Rural,172.4,23.3,never smoked,0
3243,Female,36,0,0,No,Govt_job,Rural,228.13,26.1,smokes,0
3244,Female,56,0,0,Yes,children,Urban,199.21,23.8,Unknown,0
3245,Female,18,0,0,No,Private,Rural,68.17,23.7,formerly smoked,0
3246,Male,32,0,0,Yes,Private,Urban,143.25,28.7,Unknown,0
3247,Female,27,0,0,No,Govt_job,Rural,122.27,27.8,smokes,0
3248,Female,43,0,0,No,Private,Rural,68.96,25.5,smokes,0
3249,Male,38,1,0,Yes,Self-employed,Urban,109.38,26.7,never smoked,0
3250,Male,62,0,0,No,Self-employed,Urban,104.27,23.8,formerly smoked,0
3251,Female,18,0,0,No,Private,Urban,66.45,31.1,formerly smoked,0
3252,Female,48,0,0,Yes,Govt_job,Rural,84.15,41.9,Unknown,0
3253,Female,58,1,0,No,Private,Urban,81.3,22.8,smokes,0
3254,Female,81,0,1,No,children,Urban,235.81,31.1,never smoked,1
3255,Female,39,1,0,Yes,Private,Rural,71.57,28.8,never smoked,0
3256,Female,53,0,0,Yes,Govt_job,Urban,210.12,32.8,formerly smoked,1
3257,Female,18,0,0,No,Private,Urban,79.71,33.0,Unknown,0
3258,Male,18,0,0,No,Private,Rural,97.1,29.8,Unknown,0
3259,Female,63,0,0,No,Private,Urban,86.75,28.2,formerly smoked,0
3260,Female,47,1,1,Yes,Govt_job,Urban,81.97,25.7,never smoked,0
3261,Female,69,0,0,No,Private,Urban,228.07,23.5,never smoked,0
3262,Female,23,0,0,No,children,Rural,120.54,27.9,never smoked,0
3263,Female,57,0,0,Yes,Private,Rural,83.75,20.2,Unknown,0
3264,Female,81,0,1,No,Self-employed,Urban,138.36,24.6,never smoked,1
3265,Female,55,0,0,Yes,Govt_job,Urban,98.75,35.7,formerly smoked,0
3266,Female,52,0,0,Yes,Private,Urban,253.64,29.1,smokes,1
3267,Female,48,0,0,Yes,Private,Rural,68.77,34.3,Unknown,0
3268,Male,19,0,0,No,Private,Urban,123.47,38.1,Unknown,0
3269,Female,72,0,0,Yes,Private,Rural,84.71,27.3,Unknown,0
3270,Male,37,0,0,No,Private,Urban,195.94,29.8,Unknown,0
3271,Male,57,0,0,Yes,Self-employed,Rural,92.4,26.5,Unknown,0
3272,Female,19,0,0,No,Private,Rural,183.27,23.2,Unknown,0
3273,Female,26,0,0,No,Self-employed,Rural,182.16,22.3,Unknown,0
3274,Female,73,1,1,Yes,children,Urban,94.14,34.0,Unknown,0
3275,Female,41,0,0,Yes,Private,Rural,121.31,29.9,formerly smoked,0
3276,Female,74,1,0,Yes,Self-employed,Urban,159.56,40.5,formerly smoked,0
3277,Female,46,1,1,Yes,Private,Urban,71.47,34.8,formerly smoked,1
3278,Female,18,0,0,No,children,Urban,80.72,23.7,smokes,0
3279,Male,64,0,1,No,Private,Rural,93.1,34.0,Unknown,0
3280,Male,37,1,0,Yes,Self-employed,Rural,157.88,26.5,Unknown,0
3281,Male,60,1,0,No,children,Rural,190.46,36.4,formerly smoked,1
3282,Female,48,0,0,Yes,Self-employed,Rural,102.4,25.3,never smoked,0
3283,Male,20,0,0,No,Self-employed,Urban,68.47,21.7,Unknown,0
3284,Male,50,0,1,Yes,Private,Rural,199.18,23.3,never smoked,0
3285,Male,87,0,0,Yes,Private,Rural,82.76,23.7,never smoked,0
3286,Female,56,0,0,Yes,Govt_job,Rural,176.26,23.0,Unknown,0
3287,Male,46,0,0,Yes,Private,Urban,91.03,24.8,never smoked,0
3288,Female,67,0,0,Yes,Self-employed,Rural,149.0,34.1,formerly smoked,0
3289,Male,51,0,0,Yes,Private,Rural,142.75,40.2,never smoked,0
3290,Female,51,0,0,Yes,children,Rural,106.64,19.9,never smoked,0
3291,Male,28,0,0,No,Private,Urban,80.85,36.7,smokes,0
3292,Male,52,1,1,Yes,Private,Rural,100.32,25.4,never smoked,0
3293,Female,66,0,1,No,Self-employed,Rural,77.54,30.8,formerly smoked,1
3294,Male,32,0,0,Yes,Private,Urban,119.75,17.7,never smoked,0
3295,Male,73,0,0,Yes,Private,Urban,77.99,31.9,Unknown,0
3296,Male,46,0,0,Yes,Private,Urban,76.76,15.5,never smoked,0
3297,Male,32,0,0,Yes,Private,Rural,98.25,30.5,never smoked,0
3298,Male,65,1,0,No,Private,Urban,227.61,30.2,never smoked,1
3299,Male,42,0,1,Yes,Private,Urban,94.9,29.7,formerly smoked,0
3300,Female,61,1,1,Yes,Private,Rural,93.41,23.7,formerly smoked,0
3301,Female,42,0,1,No,Private,Rural,73.64,32.1,formerly smoked,0
3302,Female,46,0,0,Yes,children,Urban,226.88,31.0,Unknown,0
3303,Male,56,0,1,Yes,Private,Urban,103.4,27.1,Unknown,0
3304,Female,53,1,1,Yes,Private,Rural,110.38,32.9,smokes,1
3305,Male,18,0,0,No,Private,Rural,82.08,27.9,never smoked,0
3306,Male,27,0,0,No,children,Urban,150.54,31.9,smokes,0
3307,Female,64,1,0,No,Private,Rural,199.71,27.7,never smoked,0
3308,Male,45,0,0,Yes,Self-employed,Urban,106.92,29.9,Unknown,0
3309,Male,38,0,0,No,Private,Rural,107.4,32.2,formerly smoked,0
3310,Female,23,1,0,No,Private,Urban,92.9,25.9,Unknown,0
3311,Female,28,0,0,No,Govt_job,Urban,240.46,20.5,Unknown,0
3312,Female,18,0,1,No,Private,Urban,116.69,30.3,formerly smoked,0
3313,Female,46,0,1,Yes,Private,Urban,98.34,36.2,formerly smoked,0
3314,Female,37,0,0,Yes,Govt_job,Rural,80.87,30.4,smokes,0
3315,Male,30,0,0,Yes,Self-employed,Rural,179.34,30.6,never smoked,0
3316,Male,46,0,0,Yes,children,Rural,67.33,28.2,Unknown,0
3317,Male,54,0,0,Yes,Self-employed,Urban,105.83,33.3,formerly smoked,0
3318,Female,85,0,1,Yes,Govt_job,Urban,67.93,27.3,never smoked,0
3319,Male,20,1,0,No,Govt_job,Urban,86.69,25.5,Unknown,0
3320,Female,68,1,0,Yes,Private,Urban,93.67,35.7,never smoked,0
3321,Female,65,0,1,No,Govt_job,Rural,105.58,25.1,never smoked,0
3322,Female,33,0,0,No,Self-employed,Urban,91.6,34.3,smokes,0
3323,Male,51,1,0,Yes,Private,Rural,99.52,35.7,smokes,0
3324,Female,39,0,0,No,Private,Rural,89.58,32.2,smokes,0
3325,Female,51,0,0,Yes,Private,Urban,89.52,20.4,smokes,0
3326,Female,75,1,0,Yes,Govt_job,Rural,91.28,28.7,never smoked,0
3327,Male,58,1,0,Yes,Private,Urban,87.16,27.2,formerly smoked,0
3328,Female,57,1,0,Yes,children,Urban,64.7,25.3,never smoked,0
3329,Male,40,0,0,Yes,Private,Rural,78.48,29.4,Unknown,0
3330,Male,21,0,0,No,Self-employed,Urban,93.67,33.5,never smoked,0
3331,Male,44,0,0,Yes,Private,Urban,86.26,25.5,never smoked,0
3332,Female,69,1,1,Yes,Self-employed,Rural,87.66,27.4,Unknown,1
3333,Female,20,0,0,No,Self-employed,Urban,176.83,26.9,Unknown,0
3334,Male,29,0,0,Yes,Self-employed,Rural,77.05,36.1,Unknown,0
3335,Male,50,1,1,No,Govt_job,Urban,82.6,26.8,never smoked,0
3336,Female,30,0,0,No,Govt_job,Urban,85.4,20.5,smokes,0
3337,Male,33,0,1,Yes,Private,Rural,90.08,,formerly smoked,0
3338,Male,40,0,0,Yes,Private,Rural,95.9,30.9,Unknown,0
3339,Male,23,0,0,No,Self-employed,Urban,87.29,23.6,never smoked,0
3340,Female,30,0,0,No,Private,Urban,74.56,32.8,never smoked,0
3341,Male,60,0,0,Yes,Private,Rural,69.03,19.8,formerly smoked,0
3342,Male,24,0,0,No,Private,Urban,128.96,25.0,never smoked,0
3343,Male,19,0,0,No,Private,Rural,73.05,19.9,smokes,0
3344,Female,36,0,0,Yes,Private,Rural,82.22,31.3,Unknown,0
3345,Female,61,0,0,No,Govt_job,Rural,97.76,32.7,Unknown,0
3346,Female,44,0,0,Yes,Private,Rural,95.41,30.7,formerly smoked,0
3347,Male,39,0,0,No,Private,Rural,97.81,21.4,Unknown,0
3348,Female,48,1,0,Yes,Private,Rural,83.36,23.7,never smoked,0
3349,Male,18,0,0,No,Govt_job,Rural,93.58,30.0,never smoked,0
3350,Female,56,0,0,No,children,Rural,181.09,17.5,formerly smoked,0
3351,Female,54,0,0,Yes,Self-employed,Urban,207.15,26.9,never smoked,0
3352,Female,40,0,0,No,Private,Urban,165.92,38.4,never smoked,1
3353,Female,66,1,0,Yes,children,Rural,220.32,27.3,formerly smoked,0
3354,Female,27,0,0,No,Self-employed,Rural,89.67,18.8,Unknown,0
3355,Male,68,0,0,Yes,Govt_job,Urban,89.77,24.6,Unknown,0
3356,Female,50,1,0,No,Govt_job,Urban,106.02,24.4,formerly smoked,0
3357,Male,41,0,0,No,Private,Rural,216.72,42.4,never smoked,0
3358,Female,47,0,0,Yes,Private,Rural,113.76,39.3,never smoked,0
3359,Male,46,0,0,Yes,Private,Urban,63.66,,never smoked,0
3360,Male,69,1,0,Yes,Private,Rural,183.6,26.3,never smoked,0
3361,Female,28,0,0,No,Govt_job,Rural,99.02,36.3,never smoked,0
3362,Male,34,0,0,Yes,children,Rural,200.24,21.1,smokes,0
3363,Female,66,0,0,Yes,Self-employed,Rural,93.77,35.5,smokes,0
3364,Female,37,0,0,No,Private,Urban,105.77,34.5,never smoked,0
3365,Male,64,1,0,Yes,Private,Rural,77.56,,Unknown,0
3366,Male,78,0,0,No,Private,Rural,96.64,35.9,Unknown,0
3367,Female,40,0,0,Yes,Private,Rural,103.07,25.6,formerly smoked,0
3368,Male,60,0,0,Yes,Private,Urban,73.93,,never smoked,0
3369,Female,27,1,0,No,Self-employed,Urban,87.87,34.9,Unknown,0
3370,Female,61,0,0,Yes,Private,Urban,94.51,27.9,smokes,1
3371,Female,51,1,0,No,children,Urban,78.06,32.4,never smoked,0
3372,Female,56,1,1,No,Private,Rural,210.91,40.3,smokes,1
3373,Female,36,0,0,Yes,Govt_job,Rural,87.97,,formerly smoked,0
3374,Female,18,0,0,No,Private,Rural,102.02,27.6,smokes,0
3375,Male,57,0,0,Yes,Private,Rural,99.66,38.7,formerly smoked,0
3376,Male,18,0,0,No,Govt_job,Urban,77.08,32.8,formerly smoked,0
3377,Female,42,0,0,Yes,Self-employed,Rural,99.78,24.0,Unknown,0
3378,Female,64,0,1,Yes,Private,Rural,211.25,22.3,smokes,0
3379,Female,51,1,0,Yes,Private,Rural,200.29,25.1,never smoked,1
3380,Female,83,0,0,Yes,Private,Urban,84.49,23.7,never smoked,1
3381,Female,66,0,0,Yes,Self-employed,Rural,221.05,30.0,never smoked,0
3382,Female,36,0,1,Yes,children,Rural,99.84,29.0,formerly smoked,0
3383,Female,48,0,0,Yes,Private,Urban,89.98,30.3,never smoked,0
3384,Male,47,1,0,Yes,Private,Rural,83.75,23.0,smokes,0
3385,Female,19,0,0,No,children,Rural,162.19,28.0,never smoked,0
3386,Male,31,0,0,Yes,Private,Urban,91.63,15.1,Unknown,0
3387,Female,37,1,0,Yes,Self-employed,Rural,73.97,29.4,Unknown,0
3388,Female,18,0,0,No,Private,Rural,84.78,36.1,never smoked,0
3389,Female,48,1,0,No,Self-employed,Rural,86.77,19.2,smokes,0
3390,Male,43,1,0,Yes,Private,Rural,69.73,31.6,Unknown,0
3391,Male,18,0,0,No,Private,Rural,77.42,24.5,never smoked,0
3392,Female,55,0,0,No,Private,Urban,96.16,33.7,Unknown,0
3393,Male,60,0,0,No,Govt_job,Urban,90.14,29.5,smokes,0
3394,Female,52,0,1,Yes,Govt_job,Rural,85.37,31.1,smokes,0
3395,Male,42,0,0,Yes,Self-employed,Rural,76.33,28.9,never smoked,0
3396,Male,58,0,1,Yes,Self-employed,Rural,113.65,,Unknown,0
3397,Male,60,0,1,Yes,Private,Urban,205.68,30.8,formerly smoked,0
3398,Female,53,1,0,No,Private,Urban,93.77,23.9,Unknown,0
3399,Female,33,0,0,Yes,Govt_job,Rural,82.68,29.1,Unknown,0
3400,Male,52,0,0,No,Private,Urban,90.54,,formerly smoked,0
3401,Male,69,0,0,Yes,Private,Rural,96.86,29.6,never smoked,0
3402,Male,37,1,0,No,Private,Rural,204.19,25.8,never smoked,0
3403,Male,85,1,0,Yes,Private,Rural,89.9,24.1,never smoked,1
3404,Female,38,0,0,Yes,Private,Urban,107.86,29.8,Unknown,0
3405,Female,48,0,0,Yes,Govt_job,Rural,116.42,28.9,never smoked,0
3406,Male,35,0,0,Yes,children,Rural,88.05,35.4,formerly smoked,0
3407,Male,52,0,1,Yes,children,Urban,90.63,25.8,never smoked,1
3408,Female,18,0,0,No,children,Urban,198.43,15.6,Unknown,0
3409,Female,38,0,1,Yes,children,Urban,158.3,26.1,formerly smoked,0
3410,Female,28,0,0,No,Private,Urban,80.74,17.9,Unknown,0
3411,Male,50,0,1,Yes,Private,Rural,80.72,31.2,Unknown,0
3412,Female,65,1,0,Yes,Govt_job,Rural,267.37,17.6,Unknown,1
3413,Male,59,0,0,No,Private,Rural,74.83,,never smoked,0
3414,Female,18,1,0,No,Private,Rural,106.32,26.1,never smoked,0
3415,Female,84,0,0,Yes,Private,Rural,178.87,38.5,never smoked,1
3416,Male,53,0,1,Yes,Private,Urban,97.77,21.5,formerly smoked,1
3417,Male,34,0,0,Yes,Private,Rural,86.15,28.6,Unknown,0
3418,Male,50,0,1,No,Private,Rural,80.55,32.3,never smoked,0
3419,Male,51,0,0,Yes,Private,Rural,189.14,38.1,never smoked,0
3420,Male,35,0,0,Yes,children,Rural,86.3,33.6,smokes,0
3421,Male,51,0,1,No,Self-employed,Rural,177.23,35.6,never smoked,0
3422,Female,37,0,0,Yes,children,Rural,88.8,34.1,formerly smoked,0
3423,Female,40,0,0,Yes,Private,Rural,92.9,20.6,never smoked,0
3424,Male,35,1,1,No,Private,Urban,74.54,30.8,smokes,0
3425,Female,22,0,0,No,Self-employed,Rural,81.53,34.0,formerly smoked,0
3426,Male,50,0,1,No,Private,Rural,80.73,22.3,smokes,0
3427,Female,58,0,1,Yes,Self-employed,Urban,196.63,24.7,never smoked,1
3428,Male,57,0,0,No,Govt_job,Urban,76.71,23.3,never smoked,0
3429,Female,62,0,1,No,Govt_job,Rural,63.66,33.5,Unknown,1
3430,Female,53,0,0,Yes,children,Urban,60.49,28.0,Unknown,0
3431,Female,38,0,1,Yes,Private,Urban,237.91,26.4,smokes,0
3432,Female,63,0,0,Yes,Private,Rural,110.42,20.2,smokes,0
3433,Male,23,0,0,No,Private,Rural,90.24,28.1,never smoked,0
3434,Female,31,0,0,Yes,Private,Rural,241.06,24.8,Unknown,0
3435,Male,30,0,0,Yes,Private,Urban,98.05,30.1,Unknown,0
3436,Male,67,1,0,Yes,Private,Urban,90.84,21.1,smokes,1
3437,Male,64,1,1,No,Private,Urban,88.88,29.7,Unknown,0
3438,Female,56,0,0,Yes,Private,Urban,105.67,25.6,never smoked,0
3439,Male,67,1,0,Yes,Private,Urban,226.6,20.4,smokes,0
3440,Female,32,1,0,Yes,Self-employed,Rural,110.99,19.9,Unknown,0
3441,Female,54,0,0,Yes,Self-employed,Rural,99.31,20.8,never smoked,0
3442,Female,45,0,0,Yes,Self-employed,Urban,185.17,27.2,never smoked,0
3443,Female,63,1,0,Yes,Self-employed,Urban,82.54,29.3,Unknown,0
3444,Female,45,0,1,No,Private,Rural,191.1,30.3,never smoked,0
3445,Male,41,1,0,No,Private,Rural,108.26,30.5,Unknown,0
3446,Male,57,0,0,Yes,Private,Urban,83.92,23.6,never smoked,0
3447,Male,63,0,0,Yes,Govt_job,Rural,78.02,35.4,smokes,0
3448,Male,35,0,0,Yes,Govt_job,Urban,119.22,25.6,never smoked,0
3449,Male,46,0,0,Yes,Private,Urban,198.84,31.4,never smoked,0
3450,Male,28,0,0,No,Private,Urban,191.73,27.4,Unknown,0
3451,Female,18,1,0,No,children,Rural,118.35,30.9,Unknown,0
3452,Female,51,0,0,Yes,Self-employed,Urban,103.7,27.1,never smoked,0
3453,Male,58,0,1,No,Govt_job,Urban,90.41,31.1,never smoked,0
3454,Female,52,1,0,Yes,Private,Urban,68.87,28.5,Unknown,0
3455,Male,18,0,0,No,Private,Rural,82.5,33.8,Unknown,0
3456,Female,41,0,0,Yes,Govt_job,Urban,212.24,23.2,Unknown,0
3457,Female,18,0,0,No,Self-employed,Urban,72.43,17.0,smokes,0
3458,Female,72,1,1,No,Self-employed,Urban,237.48,22.2,never smoked,1
3459,Male,28,0,0,No,Private,Urban,225.03,,Unknown,1
3460,Female,70,0,0,Yes,Private,Urban,90.73,27.5,Unknown,0
3461,Female,65,0,0,Yes,Govt_job,Urban,188.6,29.1,formerly smoked,1
3462,Female,31,1,0,Yes,Private,Urban,97.45,21.7,formerly smoked,0
3463,Female,27,0,0,No,Private,Rural,72.63,28.9,smokes,0
3464,Female,54,0,0,Yes,children,Urban,122.47,21.9,Unknown,1
3465,Male,32,0,0,Yes,Private,Urban,109.76,22.8,Unknown,0
3466,Male,49,0,1,Yes,Private,Urban,104.76,25.9,Unknown,0
3467,Male,39,0,1,Yes,Self-employed,Rural,157.43,31.4,formerly smoked,0
3468,Female,18,0,0,No,Never_worked,Rural,163.49,32.1,smokes,1
3469,Female,18,0,0,No,Private,Rural,108.14,32.3,Unknown,0
3470,Male,52,0,0,Yes,Private,Rural,149.93,18.2,never smoked,0
3471,Female,37,0,0,Yes,Govt_job,Rural,74.97,28.5,formerly smoked,0
3472,Female,38,0,0,Yes,Govt_job,Rural,213.0,27.2,smokes,0
3473,Female,60,0,1,Yes,Govt_job,Rural,83.22,18.5,Unknown,0
3474,Female,69,0,1,Yes,Private,Urban,80.95,28.6,never smoked,0
3475,Female,43,0,0,Yes,Private,Urban,112.93,26.9,never smoked,0
3476,Male,41,0,0,Yes,Self-employed,Rural,61.18,31.8,never smoked,0
3477,Female,57,1,0,Yes,children,Rural,99.84,29.0,never smoked,0
3478,Male,23,1,0,No,children,Urban,70.62,24.9,never smoked,0
3479,Female,52,0,0,Yes,Private,Rural,75.58,34.5,smokes,0
3480,Male,57,1,0,Yes,Private,Urban,59.85,14.1,Unknown,1
3481,Female,60,0,0,Yes,Private,Urban,181.57,28.1,smokes,0
3482,Female,18,1,0,No,children,Urban,112.66,17.0,never smoked,0
3483,Male,34,0,0,Yes,Self-employed,Urban,93.97,22.6,Unknown,0
3484,Female,32,0,0,Yes,Private,Urban,72.02,31.9,smokes,0
3485,Female,49,0,1,No,Private,Rural,105.26,20.2,never smoked,0
3486,Female,56,0,0,No,Private,Rural,108.47,19.2,never smoked,0
3487,Female,74,1,1,Yes,Private,Rural,180.65,44.0,Unknown,1
3488,Female,39,0,0,No,Govt_job,Urban,120.52,19.7,Unknown,0
3489,Male,39,0,0,Yes,Govt_job,Rural,102.32,39.2,smokes,0
3490,Male,68,0,0,No,Private,Urban,223.12,27.4,never smoked,0
3491,Male,53,0,1,Yes,Private,Urban,175.33,25.1,Unknown,0
3492,Female,70,0,0,Yes,children,Rural,99.41,32.2,never smoked,0
3493,Male,53,0,1,Yes,Private,Urban,93.25,37.2,Unknown,0
3494,Female,27,1,0,No,Private,Urban,97.8,21.1,smokes,0
3495,Female,24,0,0,No,children,Urban,79.73,25.2,never smoked,0
3496,Female,20,0,0,No,Govt_job,Rural,91.92,,never smoked,0
3497,Female,59,1,1,Yes,Govt_job,Urban,77.75,30.4,never smoked,1
3498,Female,69,0,1,Yes,Private,Rural,57.79,35.7,never smoked,1
3499,Male,81,0,0,No,Private,Rural,104.97,31.8,never smoked,0
